url,target,attitude
iL3GCEdtUYU,3,1
m6fFgFQp5ds,0,1
--jK-F7WJPE,3,2
S6lLRH8FT8U,3,2
1uzydR08uuA,3,2
CDeOez0ZVUM,1,0
kIVimE4JUHA,3,2
joAQWgOfmNA,1,1
4uYL-IENbik,0,1
xzagr45p7kU,1,0
Vq4Gv9PPAl4,3,2
tLkrnVAmtSQ,0,1
sEOaRgph5rg,3,1
ylJGEWTERB4,1,1
khunVySdWjo,3,2
eKe-XvwyqNs,3,1
RMgpW9Jb45I,1,1
iizBnE0qqPw,0,0
3Za6Sq8xVek,3,2
DVvRBmnm8S4,1,1
6SUHNpyBHQU,3,2
29L-DQHq3kc,1,1
zxb7iofikD0,0,1
ZICCDW8q32Q,3,2
Xre7P-M2cu8,1,1
UeOsAHjb4iQ,0,1
39KHRORhwmg,3,2
YE5lrnogOuc,3,1
CFFYk1Pe7bE,0,1
bQP2HVDxITA,1,0
-61eN7MX02E,3,2
8yhtmhKuZro,3,2
An5trztz0Hk,1,1
zoKdCF38zUA,1,1
rHxAdvEw2V8,0,0
ub_RsZHFumg,1,1
hANtB8YJjj8,1,1
B9WTDvatngg,3,2
4Y-o1KvFSwM,0,1
_6-8bvxZuac,0,3
8QY0H28hVKA,3,2
OEWj0TyZ-Z8,3,2
_J55NQRalQ0,3,1
Q4mjY68d_8w,0,1
VN9Yfl-WBN0,0,3
FEEMH8Ynbjs,3,0
XJJjy-1rGvU,0,1
HkKMYQ5Euf8,3,2
JL12leQ6GLY,0,1
FJjYtIdB4qs,3,2
xDdeFGh4cpY,3,1
_dbmpOFAl4c,3,2
qwziEJLdNS0,2,3
0WE0vW2l3IU,1,0
CdEy98UdrXk,0,1
3kjwDd-tCqY,0,1
psFijAJq3Fs,1,1
IiU2D2C0N8g,1,0
EjAQf9tr628,0,1
FYeU_xQ3cLg,3,2
KNJVKMrcda4,0,1
aV8kT_-YyWc,0,1
NvBBOzcR7eM,0,1
uc0coJYLhCc,3,2
S5GsTS49UV0,1,1
_P5ti--VMLQ,2,3
rR331kqT6VI,3,2
vijKxXorpGs,0,0
RNROi_1IqUQ,0,0
vDpZgDtDs8U,0,1
SemljJpSIRg,1,1
Mxlyobo0F78,1,0
deE13QL9g1g,1,1
RE9-7fK3TuE,0,0
ABYk0kxK8hg,0,0
ygLdNAgiNw0,3,1
WXF1TBezH8Q,1,0
cF0VhcI779k,3,2
xA4D-9jlmVo,0,1
Y-M3KKZnMMI,0,1
IVbHnrlhn1Y,3,1
day-jORFNDQ,3,2
60uHHt48Ruw,0,1
0KU-y9yEO7g,0,1
qXTppWGchz0,0,1
oRhRSjuv-d8,0,1
82r1izASPms,0,0
sWIN6vIyJ1s,1,1
JQl_7JUYrGA,3,2
sYqT6FQjAbg,1,1
EwITvlHAgkw,1,1
ZcxCBPpCPIc,3,2
D4umK_jOEYM,1,0
lrh9tqLgwEU,3,2
a_K5atpp7ik,0,1
2tjRJr5hC4Y,1,1
TA1qK4w0yE8,1,1
CyObaW2tSkw,1,0
gCTPdwM5OXI,3,2
6qSrvFsNelI,3,1
5iDiFzlT3gQ,0,1
nM7BRVW9hc4,0,1
aRUR7-yD9Qs,3,2
cm084UejE9s,1,1
GwpyD4TzA9Y,1,1
jN5-FLuILmY,3,2
YMD7f7lQjEg,1,1
_W7qQDHu4lE,1,1
Z0j2Bfgvom0,3,2
TuLVWSBOJi4,0,1
b-9_qjjhJso,3,2
qt16zvTojc4,0,1
9TvYN7DQ4SQ,1,0
z3KFsamDAek,0,1
EhF0e-E4uro,3,2
Bew4mk5pDOg,0,1
PuCTaja7dJc,0,0
nspQ2KJpgHk,1,1
dZX0jCQ-Woo,0,1
_QE-u83WJ4I,0,1
Nz_4WxwaQPQ,1,0
LXGUoAzNsIE,3,1
7R-btGb2RBU,0,1
UuyyefOpSNU,3,2
e-4Z8QszoQo,1,0
EHIT05Uotm8,1,1
t5alLGlQL0w,3,2
prLQ59QT7G8,1,0
ziHmZSX0zo8,1,1
tXqFbfRB3H8,1,1
a6FBG6JeKKM,1,1
4LTGodA3e4U,0,0
didL7c5hfvY,1,1
IXxnzkejxnM,1,1
2cs5MvSlkbc,3,2
-ndFHJN_x8U,3,2
aB6f5JNzYbk,2,1
srpKexPq4Qg,0,1
4RPwedjxEvE,3,1
0isIl3wT4ik,0,1
GDo9IwL4ol0,0,0
UcEMtwU5ntk,1,1
ww82yX42ooE,3,1
lxEDbNxuWVI,1,1
foBqOu2p0WM,0,1
8g6puubN6H0,3,2
I5UK-73ygEE,3,2
BEdg2s6UxKA,1,1
_YRcmmAWGjc,3,1
WmIOwieNtmg,1,1
qPZp0tr4sqc,3,0
lHf3noafkvk,3,2
zEc-RBvysUY,3,2
u8-uc7d4feU,3,2
lP0QhsCqmos,1,1
ZxRh5wkpMAk,0,0
6vyj6FRTRkY,3,2
uxPruB6cKzw,0,1
HDchemA2DlA,0,1
cQeLc5tPOKw,1,1
_4Bj6c0FfEw,3,2
YgKpJ1_nhp8,1,1
OTGe9r6D87U,0,1
Tqel1hdgcF0,0,0
Ud39c4J93YQ,3,2
XFHW8EmCmi0,1,1
xLL3Njsxs7Q,0,1
x6zRm5e8hPU,3,2
kHuDQWZctT4,1,1
v17lrgpFk_Y,0,0
Zf75AxFzDxI,3,2
EMWJR_PM-Qw,3,2
o19GqTLt8h4,1,1
-H4lmY-Q-4M,1,1
W3UraXa9XJU,0,1
M-kN_b5Z7LA,3,1
uFgQ4rulwPA,1,3
ELSE0T6uedU,1,1
2hU5SUhw7DA,3,2
-JXyxxNFVSw,1,1
3UEUR8qQ4_s,0,1
8hLQGl5Du-Q,2,1
SG5hA_GHItU,1,1
MnHwIg2PUA4,0,1
7rgsRE3JNWo,3,2
4iFMj8NIEdg,1,1
k36y5vEIz5I,3,1
gLrpPtS5fOw,1,1
JIm_yDnGzw4,3,0
MR8MI4R0vCI,1,1
E4j4KHHCl8Y,3,2
6_VmCnC41n8,3,2
MXCdJSUMjCs,1,0
sUtrX3jLgh4,1,1
7k6r-MVQulw,3,2
ikHXhDQOBpM,1,1
dyB8iqRbYIU,1,1
XDs-Sa-h7R4,1,0
jVRfV2b3sPQ,3,2
iuBAhInoUaM,1,0
lFXSxkqMmKY,1,1
QpSWm_Cp1t8,1,1
w8c2FEOn2NM,3,2
wWBrJHwjilQ,0,1
adaLHtNGoiE,0,1
34yAT1gLoas,3,2
FHexJNHqHM8,3,2
fp2ex9x2B1U,0,3
havSSVokOfk,1,0
RU1c4zXmOfI,0,0
DWmrRViGpzs,3,2
4jTveWaQfu4,0,1
vI3rv679QBo,3,2
OI1ZueE4hLc,3,2
0iCYvondcLM,1,1
icCmOG5PhHY,1,1
79pK9rDSEZY,1,1
fu65obGJNnQ,0,1
bre_itMLpaA,1,0
3rld7H2Eiqo,0,1
CWNIkCAW59k,3,2
Q_DyJC_uB0k,0,1
GGv2iPc_adk,3,2
iBGSQCqP_c4,2,0
iVWrxcrraW8,1,1
HTE0KwQvib4,2,1
ZEQSnXJjWsk,3,2
S9aA1rnxqgI,1,1
lvahl8ZRblw,0,1
QCUZU2VQcHs,1,1
ucS1cp2zg74,1,1
bHZ5OO7oYzg,1,0
V1lJ-i41vxs,2,3
HitEZXqylA4,3,2
EpklfYVUFPM,0,1
SbiRWLcZaj8,1,1
M6RQYXm9S-w,0,1
DD98XGTJ7L0,0,1
5l5lfGqfi9g,1,3
d65Aw49hRuo,3,1
J60Ef53HAQY,0,1
zCJLT7cYJAI,0,1
F4RmdRcnwVo,0,1
h2sIIsiYaOI,1,1
WmM40foQaGI,0,1
c8qW0eVPFdI,3,2
2sajma1DBpA,1,1
lv9rT5PuANs,1,1
kplNH8e8thc,0,1
UZ-nBZJoCN8,1,1
eQR6pXDKEds,1,1
o4Tmt8Bzm9I,1,1
kT1WvUmMF40,1,1
_BJR-sqgB8M,3,2
r4SsChWGlN4,3,2
TwGbJaMhvaU,1,1
R5_mDjX9SbE,0,1
0yANNx7IQJo,1,1
tKdtR8-f6V0,1,1
6ZbjrrN31hI,0,1
NUQpj57qQas,1,1
yMEc-zTwF6A,3,2
MrS3xel_0RM,1,1
saDNkFQR4oQ,0,1
1GGQeR60bic,0,1
JETKtbSAHZ4,1,1
fEpD5LIu3eY,1,1
nzqhud2pWSA,3,2
sd86iihRkX0,0,1
zsiGRZ85Ad4,3,1
_sZAUYdgQr8,0,1
xvgkAFuIdLE,3,2
3_IpZzlhhwk,3,2
f-sDa0wK-AY,3,2
dh_pmlAzdRI,3,2
EyYPLjCAr74,0,1
ZWIwLVRBExo,3,2
0CkH2nqIs0I,3,2
ZWTTTEs5PeU,1,0
yBio5T9iCkk,2,1
2cyMR2zVumM,1,1
oVUHhw2UfD0,0,1
9Dqbotyjw5E,3,2
mnUMxCIx_2I,1,1
RNsv_5d3oNg,3,2
mnEHQ6jsCyE,3,2
NPETKSLiRP0,0,1
sAkCUERW_Ss,1,0
o2mkB2S4Kh0,3,2
w8w95Rh4snM,3,1
pYHc3ly22VE,3,2
YOlA0gUU1xM,3,2
H1tnAK5pjqU,3,2
V7p7pd5PRBA,1,1
izT7BDgx50I,1,1
LqyfEpxkkFU,0,0
4rdDs7xA5iw,1,1
HeUzCwR1Yt0,1,0
sPa_fnQLmZo,1,1
zsqd1pQQfXc,3,2
25GBGeQrOGY,3,1
tl8S5lvhGmw,3,2
RVKZLFd0V58,3,1
uufFVGZSl-M,1,1
uD76mdF5PKk,1,1
zmR4kIohh3Y,0,1
GQQH7g3pnc0,3,2
-YeqLdq7Ic8,0,1
dxjJePrqFV8,0,1
3gao9Z-TPB4,1,1
skPCZ-qFYHc,3,1
NCjCm5GI6rU,1,1
LUsE94jnAfw,0,1
RZ5tqpw4dK4,1,1
17GFgtobnxw,1,0
wFBqIdgandM,0,1
JGhBtbDZJjw,0,0
HDmQUGi0VBI,3,2
E03u8MckZlM,1,1
2IhZdl_FXI0,0,1
eAhrdUq2ql0,1,1
HBguzEN1Q0E,3,2
mWpvPcE_GJ8,1,1
p7eaB_37cXE,3,1
-foEYRkDdYc,1,1
LwRflKW1QXY,1,1
YYuxpvuMO8U,3,1
6r0vrHpBeBQ,3,2
yK0AgSHibYQ,1,1
V9p0LAmwMz0,0,1
whoxTMnT0gw,3,3
9FIkhFEmQNs,3,2
gH8VoQ_hngg,1,1
Z5ZLTpXKNvA,0,1
SQ59mLf9gp0,0,1
6lbg575tZ80,0,1
aEjbrvWuWwM,0,1
t33F_GL_wb0,0,1
LFR1RdJIPk4,1,1
drVR_RXANc0,1,0
DVZjk4RNqhM,0,1
x7u1cnW1Vl4,0,1
OLRthZU2Jro,1,1
-2JG4no_tIw,0,1
I3qiNr4xGeA,3,2
mXVyhtZAlno,0,1
NaZdDeRCdWo,3,0
dEBjgllE4dg,0,1
eRHGxXwhiPw,3,3
GgjsBrVgqHM,3,0
Q6xI2fgZbyw,0,1
SOxG0Iugnws,3,1
mbXZV_8WwVA,1,1
YTaPCSJoOK0,3,2
nylMCGgUfGk,3,2
6WGxrIqOLKU,3,2
odkxX_0ONqk,1,1
hRCFXpOTbog,2,1
3Ropye4eqtA,3,2
2e_f6X-zYco,1,1
Uh4qzdiI0gI,0,1
0nM9vw_x3Uw,0,1
LCQBw2FzRZk,1,1
yDIXFEOOrP0,0,0
2hgcZUnJg9I,3,2
2Qbkp0bJOco,1,3
h2-NJhlEAaY,1,1
rpp9aKn6Hl0,3,1
P_fCUDd2mkU,0,1
VxnVDIErN8k,2,3
onmGkk4T-2s,1,1
tFt6ljfZUjs,3,2
WvX8Gk5KHFc,1,0
eTnKNU4mpvA,3,2
n7aAtQL-WmA,0,1
-cqkKIVMM5M,0,1
HE-LV9kClHw,3,1
06d4lJm9jW0,0,1
MUimfGTiLYI,0,1
iPKctwiQYPw,3,1
_goQVOxZFQA,1,1
3ZV39NRuAKY,1,1
NIiIEAAAerk,3,2
ISfH-rDAvXM,1,3
aus4ktHIu8A,3,2
gL1BXnSb2ek,3,2
0UwrQOyt79g,3,1
HNngrvbBJ-w,0,1
ULV9KZhsJd4,0,0
L5fDEzZiDHk,0,0
XW5oHT7Mi90,3,2
m_nu_UM6Obg,3,2
nMKtVgmfZac,0,1
QHr_j5vYwn8,1,1
aTIq5vOxvY8,1,1
LjjAT-t7FjY,3,2
STq2i1SeD68,3,1
VUFj6e5vbY8,3,1
ai0X3BqenpI,1,1
azN6jJF0ufA,1,1
KcjF2OfUuR4,0,1
QXZ41B0GqX0,1,1
X7gMjTqrRvw,1,1
2nvBe7T5DFc,1,1
rlCMs_Tz1ZQ,1,1
ZNpxNLceBVQ,3,1
ECyCpkeP9ig,0,0
UcOL38BcJsY,0,0
rovs977BKPE,1,1
Ba7kllqDeyk,3,0
DoNti23-ZdU,1,1
htvEVQgNdzo,1,1
ymRFOQOdy3o,1,0
LfexrA7PUt0,3,0
ltqpDC2XQbo,3,2
R5NnqHlfUo0,3,2
Z9PBMnKF7zQ,1,1
uecmgut6-DA,0,1
bvwBVZzj1Gc,3,1
oWyfr02iAmc,0,1
HiE1IvUobsU,3,1
zm5eq-eaK3g,3,1
09bxitcVpQ0,3,2
NiUKxXHC6AQ,2,3
-ACjilT7Z4Y,0,1
WQ_vENh_xM0,3,2
CiHmHJL3e8E,3,2
928n6rCNLts,3,2
3pCpHG-8YZE,0,1
9_C9IwYOL0Q,1,1
p-s_evL3PGU,3,2
789yzjRRXBI,0,1
9RAzg5LOP58,1,1
JHKrhePLXSw,1,1
Z_hBNi8adSg,0,1
2jpfFhP2_e4,1,0
ohYhfEeqo5w,3,1
jBmEAPvAGS0,3,2
LpiBFTrcV-A,3,2
DhxC496oaQo,3,2
LLCAxLiI6wI,3,2
jf9AEXDl_gU,0,1
dJuRAAJ7q5M,2,1
KsIi3N_2TDM,3,2
Kzs5bm5E0do,0,1
7BIg_S0qbwc,0,0
TAPzShN_p6A,2,2
P_Fg3NEe_4c,3,1
oqJccxFcDVg,3,2
MNg3zJRBvJo,3,2
8KZJxyPJYIU,0,1
mPpWa5Pw6Rw,3,2
SwQfHZJi_UI,1,1
Fem0ksQ6xbE,1,0
RB4znCF3KaU,3,2
aXnE-7RL2pw,3,2
0rDnjBnftvg,1,1
I-nnR-SFoBE,3,2
KXHaxLjTVgY,0,1
KNp0Pzr_7dQ,1,1
bH1zWMWvfKU,1,1
-2IhBhPTaeA,0,1
3Y1al8TBLLE,3,2
RA77hSQnjdU,0,1
3k-mdW88nMw,1,1
K68Vef5vwLQ,1,1
HU3xpUdhU_4,1,1
N6Ov5jmet38,1,1
5gSjSwAMRkg,3,2
KEoF8su6kf0,1,0
2Kf9cl60mXo,1,1
uhHvsIJNLMU,3,0
BWeWmAA5cZQ,3,2
aCb-bCzbNms,1,1
M92eoXDrJfc,1,0
ebLvTZ5tyGc,0,1
qejW2BqIt1I,0,0
IghcYKSGZNA,1,1
FoAIqud9JNU,1,0
3KGQSOOPZl4,0,0
liEag2kZIAQ,3,1
gccCIi5MFJQ,3,2
zkzuFvL7UWo,3,2
AW2FbEGiDy4,1,1
cm3IGKUQtrk,1,1
IfNJpR6YlQk,1,1
HQfuAmvu3iQ,0,0
lxM5VIm_Gf0,3,1
aYRq8VXLY0c,0,1
dCpX4jUMeJQ,1,1
pCr4CGiI9Y0,1,1
faU2UC6XoYM,1,1
tK1ei8iA8rw,0,1
A3Y05VBLhok,0,1
OV9sVC_bBG4,3,2
_rpdG7IVt7g,3,2
CBb15Xcjc1w,3,1
GCyMAiZ4n9c,3,1
H_wKtlbbnJY,1,0
HbrmxpWeOi0,1,1
BRrCOt99zNs,0,0
kQarZZIBMKY,1,1
7OzMIeXiAi0,0,0
-iUoGreYT4Q,1,1
AJItqK-T_NE,0,1
TmodbMNn-zs,1,1
T6mbW6mutls,3,2
vdfsqSd3InI,0,1
MBT4XkJuHFo,0,3
i4gm2__F52Q,0,1
oxkmmH6EERY,0,1
AnQXbJNt_FQ,1,1
jpvcDMOwo40,0,1
DApEbmnTDXE,0,1
mJXyEQvXMGg,0,1
CPF2ATk5fdk,0,1
tnmxHkBTsUE,2,1
bi9k9I8w4B8,0,1
0rkvt8TubIQ,3,1
U_U4KjQdpZY,1,1
MyyWq21M5aI,3,2
NINdCcyUduA,1,1
KikYPXdcYl4,1,0
MgMyJzGZ05g,3,2
wFxeUBmy4yk,1,1
zQTSQbh89jw,0,1
WtLbdyvWl-U,3,1
IiyZkzeP44A,1,1
4v6cVAurXhg,0,1
f0mTqtJxzho,3,2
IA4G3QumW7g,1,1
zXMBqkSbsG4,0,1
9ZE97WcPEnA,3,2
c8KDtRmfNsA,3,1
21UJQOI0m8w,3,0
lsn_jy1vXr0,0,0
5c-8FbvtBIE,3,2
sQwee0Yh0Gg,1,0
pp-yrt0AlNE,0,1
ZPL2hBKWU9U,0,1
ahUMlZjfekA,0,1
RejBMhDFAQw,1,1
CnWH8DOKhQ4,1,1
T1urULMaqGY,3,2
Ie1HkyiFAWk,0,1
vNAQCbo7Qz0,1,1
IBnzXiSOtPg,0,0
j449TNmgHlc,0,1
vyevjf_Rqgs,0,0
9kbq5R948x8,3,2
Nakonery16c,3,1
bF2b3AsjWPc,1,1
SO1vNnYUil4,0,1
YXzg1848vVk,3,1
N1gzNR1ml6Q,3,2
LTg6TIFJQM8,3,1
-KSiJZGIthw,1,3
Opzxmps4bFY,3,2
-LXj_RJ-iUQ,0,1
FygkTR5a3Xo,1,1
sJ56CG0R3mY,3,2
jzT2bihxbA4,3,2
U7ns6cchahk,3,2
qIaUoGjklNU,3,2
ySztgCtSZho,0,1
4nSU5GY7GuI,0,1
5ZUid8c-peg,0,1
dsYm2lOJ-e8,1,1
mQX9AdZGCAc,1,1
zfY_Za83I1A,0,1
C01P8MS158s,3,1
3Btnh41mWDo,0,1
9OTvoFDMmf4,0,1
JavrVmSk8uY,1,1
y9qtv1omcIw,1,0
sZBS0Zr1qDg,3,2
oS49BuQ_zqM,3,3
ytbEkMaC988,1,3
J5u2UBuyoxw,3,2
njvtpkOtsfQ,3,2
whcUX75PMEQ,1,1
3baIOI4MOKg,3,2
zJY9oxJS3cI,3,2
YlONSkbi1oA,0,1
GLxKSy59Gn4,1,1
7RIzF8iutsQ,0,1
8DLru9nAz0g,3,2
vZK7qIfLJXs,1,1
bvAG4YQrNgw,3,2
YulD0BrVPJ8,0,1
FdkSrY7MnEg,3,1
UI8UOySfP_I,0,1
1DL8lJyoM1g,0,0
OczzYEBK7Lc,3,2
eK1V7c4ZTGM,3,1
l4a99pWTAjI,1,0
vUJc1uBVyqo,3,2
cfCAxHUDmVU,1,0
w6DsLoF0Tsc,0,1
7Vffvj9ZkGY,3,2
LSyntWYQ980,1,1
rfXw--vIMYU,3,1
Wphwz8InL5M,3,2
MzNa8K_D0YQ,0,1
X6-84tHENhg,1,1
tB-gV_KnEFY,3,2
FO4MfH_UHIE,3,2
Np_dpt1MdTg,3,2
HIP3yOL6VoI,0,1
bSQDI9SliQk,0,1
wOf6tdAsMFo,1,1
TfBqjtOSfi8,0,1
FOFpydHyDaw,3,2
b04OPRODGEY,1,1
ATbZMaUNxuM,1,1
ZtWndRAtgjw,3,1
Ozr_8xALz00,0,0
6YxSqPHVhWg,3,2
DbMDCMwGE8E,3,0
KGeEyI735eY,3,2
kleO7_RzM5I,0,1
Z3_aNtvt5uM,3,2
pOy5-_lqbvw,0,3
iE7Ej7Ahy6M,3,2
T-e1TRcqKYk,3,2
t2NxVYEDDzg,1,1
lqDGtVEor48,1,1
409STWVEfLg,1,0
842wsphi6Zc,3,1
hcpuVJ3aueU,3,2
khbajA-_7Bg,3,2
xHlJkU23cy8,0,1
NdfG0OJYHuU,1,1
5cqmULZdf_M,3,2
aDRgvR5lap8,1,1
noZsufRRyJU,3,2
AP2mwMrhAfY,0,1
l77cKneI22Y,3,2
sRtYxYhJgSc,0,1
EqgbKfaWu4U,3,2
nshxoUrmL1U,1,1
JMKWWKaozdQ,2,3
Z7wrxihHwVw,0,0
c-gEwXEwKes,3,2
UHCtV6CthXo,1,1
WLKvo6DSePU,0,1
VScFq9yRMNM,3,2
XoRzl3CdYE0,3,2
oQCqE9amc0k,3,2
eD_Z_JbfOPM,3,2
a4BdAVFXdZU,0,1
WfQCwE2hdPw,3,2
zpqhGeX-ZL0,0,1
DGXOBeqNwTs,1,1
NlYM11BpyVA,0,1
A0bUp0MTzqU,1,1
hepn2wCMCDc,0,1
H1zQ9JnNyTE,2,1
nSYfx-Cq9qo,1,1
k3lGsmf-8_o,1,1
vHPMOk-4bZE,1,1
bBfd6KDzvns,3,2
lPGNKhNT3Ws,3,2
7rcw-ErhPZg,0,0
S1vbqJbxUz0,1,1
hM0fyOV6Y5U,2,3
vyh0p1dIc1U,1,1
TKbA6YHJtFc,0,1
fK1E7NDktD0,3,1
x6gYtikZbEU,1,0
jIQKO6-LGlA,0,1
T58nGcSko08,0,1
Kz_BVW5ioQQ,1,1
AXqactK_Zsk,1,1
obmMhxwdcmc,3,1
hEq8-xs5krU,0,1
JR_3Vo0e5Kk,0,0
aKgYdpVGwhk,3,2
6WWBKfLs_uk,0,1
1faB8nvpi4g,3,1
Idug9Gaj0_Y,0,1
UBek0Ck_lF0,1,1
CrrlwYvuPR0,3,1
AbD8REt0PwY,0,1
BHtg2cthgQE,3,2
jJ4bF0UzBu4,3,2
MglS1xMtktI,1,1
PLzDaztCMjQ,0,1
J6SH-b3tNvs,3,2
YpVS91TEch4,3,1
a4M70JSP0bI,0,1
vvDw1L7cZJs,1,1
wuBGkB17gyo,3,2
RRZ2ifcAXOE,1,1
mzB43x8j1b0,0,1
q2G7gC2SUZ8,0,1
NnKf8Nw0F5U,3,1
YVGbr-zHhLs,3,2
Db6B49EGq4g,0,1
kYOyiOO3OfY,1,0
3B0OGoO1Neo,3,1
uZkna8AHcQU,1,1
sfYJLxcnSY8,1,0
5zz_0knpYbw,3,2
K6Kjzdl4t_0,1,1
dkSSKJjCfHE,0,0
4Mq_onxIOZQ,3,2
u-bsyXaFIgc,1,1
yRhxCez5hXM,0,0
_A2MOmUb754,0,1
bRwEN7SIA0g,3,2
ndeF8wzxTHI,1,1
-Dr1y8BXhck,3,2
IMXFywoH2gg,3,2
hxEmFrb0wWQ,3,2
MJE_35_957k,1,1
sb5XVqkeSa0,0,1
6jT-or_c4Pg,0,1
ROyXpQ93B5o,0,1
o0UedFdicts,1,1
A5XievUyKi4,2,1
H2BMDmQeVOo,1,1
4AtLfs1sVNM,3,2
RJDhF2srLis,0,1
CaYBT2pLMUo,1,0
sXmTZ85oBbU,0,1
ZeNiofsReMI,1,1
HC-nOFctiDA,3,2
_fo3HyFHKNQ,0,1
k_E67lYttXg,3,1
mn1QHm0T2xo,0,1
pB4C7OeG99A,1,1
15AXcNZuwII,1,1
LKyAxzTizpE,3,2
A98KtNyGIL8,0,1
LhYxfk1_ddI,3,2
Bh5qu5L5ai0,3,2
pRq7j_HKiLQ,0,1
nh75ih3o7dw,3,1
8Z6lhvP77JM,3,2
vsACFp18vZk,1,1
yH_6P7zHRb8,3,2
VWjFQ3N6GNA,0,1
nYxGWLLw0Yw,0,0
bIihRkdCBVc,0,0
IWM8qBCPkn8,1,1
DElXWUZOD7c,1,1
0wEBrqHAiW8,3,1
IwxuVTRrzrI,3,1
uD92395JFrc,1,1
46duEVIoIPs,0,1
cGoQcu40J-c,0,1
Kml4GTd5MQg,0,1
4RmrPkPSrKA,1,1
VkvRDFatZQU,3,1
ivEXXuiVqVc,1,1
SEGSbOrAQGk,1,1
m6xEQsuF0NE,1,1
vjtMBgmDHII,0,1
oGfEsmSbu7Q,3,2
POmdw0KB_zw,0,1
2R0I-Ws93CA,2,1
FbmI12xCcgA,1,1
1l4tZ8w7qKY,3,2
81AEXXs8t6A,1,3
vgfqOQ680UM,3,2
wczY_edqX4g,1,1
0OaAdD4V9wM,3,1
2CDjgFoSE0U,3,2
jQVdlA5N2NM,3,1
OXb6hklPvCk,0,1
Vh1wxfM4YnU,0,1
TD7rsSH5t3o,0,1
gS0Coc-535Q,0,0
EdFXbfW9viI,3,2
M5c17VJpTyk,3,1
cwrL-VEjN_I,1,1
T22a-aE1KV4,1,1
BgjMcdU6jLk,3,2
NOaEHvFAXZY,0,1
h7Is_K0YuoY,3,2
TdZ6un-syzM,0,1
a78VoLyA0W8,0,1
buMVSw_E9U8,1,1
FltopJ9t5uc,1,1
jH4UkOC4myY,3,2
RFqpFLVCeTU,3,2
RGMcMpNQSVA,3,2
unFsfRoR7WM,3,1
Do9hFaNSnv4,0,1
a1ljBDMDVGY,0,1
rCuU3Litd7Q,1,1
w9A1BVlIpzc,1,1
DJ28Zg5D9EQ,1,1
8goWGn90Tgk,3,2
3TUhHvaXuCg,1,1
tiUDxyvV0Xc,3,2
o29wXvxgZp8,1,1
xd_sL7ziLcE,0,1
SUieMnNYPpE,0,1
y692L5RmtYw,3,1
9vzIW02cqjE,0,1
z4wJlaiEp1I,1,0
INPW9VTwsgI,0,1
XXkGMaZ7mOQ,1,1
JrlnevKD8hU,1,1
b9M1jlG2z4U,3,2
DHvZsQP5KZs,2,1
CRhWF_wEeVU,1,1
RM5v56dUXsw,3,1
HJiPJlDu7Wg,0,0
VXdenSbk6MA,0,1
QAciKnxGa8w,3,2
ng_1et_GZH0,0,1
6HNj0gxhNio,3,1
S-0bVM53was,1,1
MtMu2azsf0U,3,3
ys7hqj80chg,2,2
JRaoVZBWxp8,0,1
FIAFLyltrbc,0,0
y9E3NEL7vKI,0,1
J9Hdt5mDsd0,3,1
mvjZRNgXikg,3,2
hERMxgHUuZQ,1,1
4ILqwopZ73c,0,0
7yeFZQIBI5Y,3,2
yi3gpQGyKQQ,3,2
Ozi_WEpb58c,1,1
j3r64bn666o,0,1
g-d-1-1VJZM,0,1
BtmDYY8osmA,1,1
AIbc00iOAek,0,1
wyX-JXcRBK4,0,1
dD3oJOb4u64,3,0
eSFWU4dwDzA,0,0
Xn7FopaqP8c,3,1
DgPWueMoUys,1,1
2x7-pZMmS0A,1,1
RuxnuHpWDLI,0,0
6FSjZJAIpFo,3,2
s-22-S-l_YU,1,1
eOSwcipF14U,3,1
ASq8SPWtLjg,1,1
OOgt6cfz6Mc,1,1
E1nQzfqZnBk,1,0
Kwhuenm9CVY,1,1
4eFf2q_v0jQ,3,2
zkKUA1bTvGI,1,0
EEPZh2Z4npc,3,2
JyiRMQ7TBFs,3,2
DpTXQiRkmQ0,1,1
v_FrtqtTTTk,3,2
d76EWw_GiRo,0,1
sTbsTIzwzho,1,1
maB-1XArsbo,0,1
7NQ8y2ka4Ew,3,2
FfnAVp5qVpk,1,1
DZgiBEBsIcE,1,1
OoWMJB1_USw,0,0
I8v-3cQxaIg,1,0
-gWyzgwmSQo,1,0
rH8CPCqd-c4,3,2
N_phPJDChnY,0,1
KSIaxVdFR2A,0,1
DN_Zr1H2vPc,1,1
pVn7np-yJRM,3,2
FThfZV8yW1k,3,2
8C6MTRYn0A4,0,1
5cr8KXH5MV4,1,1
MF9zeqArj2c,3,2
oN9nFPf_56c,1,1
lQN0ZXF9EZk,3,2
7gOVKPeBck8,0,1
sX7Ch2kMdy0,0,1
4I9OTOAej_0,3,2
gw_C4jy9Z20,1,0
9zwtZvkouEw,0,1
LktonYKYHwo,0,3
8RB7cQys2VQ,1,3
p_1wDQ6-XkQ,3,2
jfL1lVB1nTU,0,1
luhUepq7mLY,0,0
Ht64X6RUPR8,1,1
FvU_Xi423YI,1,1
sCKVPVroPDY,0,1
5YnEw1GHDyI,3,2
-3AWL9iKfLk,0,1
SlnAtngMnoA,1,1
OhgGwmUiFCA,3,2
zbn1zsH-fao,3,1
ANSgV05XZ0s,1,1
cxhvyaTLCTc,3,2
7BhiDrSe0Iw,1,1
ZmPmfGu5nR4,3,1
C8AgAU1FijY,1,1
xBZOgA5W9GQ,3,2
iT5kwgFqLRM,3,2
bAIZhr2Bcrg,0,0
nxgN0Je7WH4,0,0
fKcarGJGjOw,0,1
fLEtjM-8Tno,0,1
eMo3MZseiQo,2,1
i0rBDJ--ouk,0,1
bQ1gFpvkWHY,3,2
l1LvLp2fGCM,1,0
5uAo2hccNts,1,1
oFhsdrRY-SI,3,1
CgVGt6nXnys,1,1
0PDhQKRKHhk,0,1
y2a1Pb7PsSc,3,2
cKheuOz_YAo,1,0
k-NG4nmVhpY,1,1
cYCoUCcrtR0,0,1
82iElNY-irE,0,1
W6WlMSWMc6E,1,1
noOvDvJbItY,1,1
569ppsEvaw8,1,1
Cc-Q29yvhOo,2,3
72I65rwjBbE,1,1
4AI0VXm9BtY,3,1
eU5nWKu4-js,0,1
kQ1f1RI8GdY,3,2
aBwKEE7BYu0,1,1
DO3CPfYoGyE,3,2
UTa-2jhS9fY,0,0
GZdyekvLOFc,1,1
OpetD0c-Xtg,3,1
EyAwshJaqN0,1,1
2hXpRfNZML0,0,1
9U1BC815lBE,1,1
xR1FOh42lZk,3,2
45Q7atcKLkY,1,1
FZXuo1hnkCU,1,1
lPIwiGjLi2w,1,1
v3Gdj4bN93U,1,1
LaNBdn2Nf1s,3,2
Zm2PyNcjiNc,3,1
JWtGDIxNRso,0,1
YM-iiKweUB8,1,1
ayZGdw2cw-4,0,1
Oyfk0a402gs,1,1
sMDKYEW89OA,1,1
jWJhdFbFB4g,0,1
5daCQguOwxE,3,1
13rqR4I9urQ,1,1
fEkFlEZkpYM,3,2
3ERb5PbX_SE,0,1
SxJXMA11Osk,0,1
gWYS5UXOCys,0,1
5806BXhO58s,3,1
Usktxggcn3U,1,0
29bVTHHXDpg,1,1
k9D5telyfqE,1,1
eK-ZchdWLlU,3,2
N3juybvK-Sk,1,1
5LDk6L0etqw,1,1
-4rVzBBpv00,3,2
rXEc-99jkws,0,1
xZabWoSkATI,3,2
jXFWdR5c4xw,0,1
RRBm72SrsEU,3,1
zYBRC2klLAU,0,1
cvczjzQS2qg,1,0
n8RrwpXqSsQ,2,3
z2Ekj-Bprr4,3,1
Xf0anmqQ_H8,1,1
-oOPCE2fwHI,0,1
re1gdbmqF7w,1,1
jmTMtnNIXcU,0,1
Qfs8SypbgAE,0,1
yXGUdQcF-fE,0,1
WKxZnzwNaYY,1,0
r4flmbLX8pI,1,1
7nstHIfpImk,0,1
wHWtnJcvCzI,0,1
ddy4hacHzk4,1,1
UWQWl4p_J2s,0,0
59QOtw7tdoU,1,1
0jjR2WZ8fB4,3,2
eLe-G51aYrs,3,2
IQXFy2DsxsM,3,2
-Ijm3c7wMfA,3,1
ukr_jQ-tyw4,2,1
Vuv6oU0MRw8,3,1
mUXxgzTy6b8,0,1
m-ItRmaDuRo,3,1
vCAHiulgxBk,1,1
9-FwewAbMXs,0,1
skHCZmIygeU,0,1
YxVzCrx_J5I,0,1
Ww4ze6K80Gs,1,1
lhFA7FaytFA,3,1
QLCJgPBPZ_o,0,1
mpw5Bve7c2c,3,2
EoiJRaodK18,3,1
TC5S3Znmybc,0,0
3Mu4jA6gaXI,1,1
5LTpra6LsY4,0,1
NcYYGxjv3Z8,0,1
zyYT22mfSQo,0,1
fvghtIaOgVM,3,2
_w2Axnvy5fg,3,1
S5rltrQbObc,0,1
z4AjZ12wP2M,1,1
ZiiQmAYj0Tg,1,1
vCCJCMq4uZI,1,1
fGRt18kZjr0,3,2
fN3xFQNnIU8,1,1
PIaSDf64lzo,1,1
TqBpfcieM5k,3,1
gmOWUqjZgUA,0,0
dIHIETXIJbY,3,1
HrcZsbZcB2A,2,1
bu3nxaVuvIU,3,2
DR1qZMZf8R4,0,1
_ODDtnBPi30,3,1
ydRjcFeCCqs,3,2
tW3ZlF_fzlg,1,1
KcKDq22Sc4U,0,1
WPgG2Jpaui0,3,0
2vVy1-sivLc,3,2
7ZaXdICMN3Y,1,1
h6xkEEZxJCo,1,1
5bMXEQF_e3Y,3,1
LXE9Rnj8kOg,1,1
tSv5-pagw0A,0,1
hBzm_ZvbizQ,3,1
uvlJlYTXtgI,1,1
QycmDmQpur4,1,1
w26GCkec_2E,1,0
8_J18UwD-_4,0,1
z7kkEhZX5mw,3,2
vX_3VumKuQQ,0,1
kNlb1J_RWK8,3,2
sBVwRbNsEs4,1,1
yKwlRfRJm28,0,1
RRziOIbf8tI,1,1
Os4zllAHhcI,1,1
3FtFW_usHMY,1,3
4uk3UeaBnN8,1,0
_Dmtkp7OGRw,3,2
EnWBeIW-hbw,1,3
E91q0N27H6A,1,0
XgTW8omNrFQ,1,1
tL5GuDhRjD0,1,0
QcyU378KhAw,3,2
p9o1D9G7zJg,1,1
fD94J4VtLho,1,0
rQFR9_8OcSc,0,0
4aknceETMjY,0,0
xKu1GuvwuIs,1,1
tcVaLQ9EYOw,1,1
lQNAFbsuUMA,1,1
IxvIPYkzTo8,1,1
47WayID5I8I,0,1
HiUqyLcvmbs,3,1
RFkuuGkygSQ,2,1
1qJbkoEM6KU,0,1
tAJQOgNrKdA,3,2
XEFJgrjG3jE,0,1
EiWGLh80zmc,0,1
LNSYcvCN6rU,0,1
V3v5SRKQFqs,0,1
Hl_spkFKGHk,1,1
h36Ss4Rl8T8,1,0
yjFUA7LcCxM,1,1
46w9A1MNBSU,3,2
NAhPrE32FuQ,1,1
c4qx7itQE7U,1,1
pm5Ff6gGhmM,3,1
DRAm2x_CuzI,3,2
UTJBrDsQH68,3,2
WHBFTv2Qg1M,0,0
c7dl1CeNUx8,0,0
_XQAb0dlTaI,0,1
jX5DsyIJHl4,3,2
mvTHR_kKeDU,3,2
AgZCAU-vEFM,3,2
AZNTGy-A4-8,3,2
thVlMHniZ24,1,1
slrYFlzqmHE,0,1
NCityebvmeQ,3,2
805AWQqJiM8,0,1
_GxPwkzhidc,0,1
a-gFd10dUIk,3,2
LXH1AX12gT0,3,2
hsqMBQytd1M,0,1
chSkC6SHshU,0,0
5R6Y_FUVVIY,2,1
Ak3BMC0Rg7M,3,1
phAmrjWR-TQ,3,1
ZO8Zb-25QZw,1,1
Y5YL5a25SDA,3,2
VYQDRh4mQ7A,3,2
c2UyLbR8IZU,2,1
AeKmV84sASA,3,2
snlSGSp4SDk,0,1
_79GfZbo-8k,0,0
jq-8Rd8HJ9o,0,1
yL6Ayugfqjg,3,1
4FeRtvGt3nM,3,1
_GLRmAmVVts,0,1
inxOH7iymGo,1,1
SsQMShEcps0,2,3
RlXh4Z2YgUU,1,1
dIjm6_8h_yw,2,1
7gMAXkyNiVU,0,1
jmXfHFs1rTM,0,1
z6Yn4WQVHWI,3,0
osPnFPE0o4Q,0,1
5cxgvDLuGMo,0,0
c08mUmETkJU,0,1
0uuKkDu6kgg,3,2
3DmaYxhJ8k8,0,1
Xv79bZzB6os,3,2
K1Ge9sQuHzg,3,2
dlgAoxEmwf8,3,1
aVj9m3oNd6Q,1,1
i69-o2TM_Q4,0,1
xy6sMf0VpeA,3,2
euRpLYftUwc,0,1
7GwyBF-XjMw,3,1
Sh7T5aNNu08,0,0
qeZrdVH_8U4,1,1
LdTgyfsLKqU,0,1
gyr9KgQQW1g,1,1
R9NcamjblsM,3,2
HKdknpaUGpc,0,1
wOS2QfgI6As,3,0
3D5009n8dgY,3,2
Mkks-Pm_do8,3,2
F3XgaIKrGKY,3,2
jDFPdFW-pis,3,2
p1zPZrHTwjA,3,2
7WBfsE1S6ec,3,1
qOicdjWdQTk,0,1
f7ZTZiwYuzU,3,2
3sS45sVAB4I,0,1
V40oLNZeHpk,3,2
hiXx3gqjrL8,1,1
hS2dLDzWcAw,0,1
pNXKcRKnn3k,2,1
tYPR0acXcEk,3,2
MhXBmLKbFik,1,1
OLpHKioUF3Y,3,2
qs5evtjbM3I,0,1
JwoVG5Rzk34,3,2
gV8fcBwHMME,1,1
Sz3H6yJN3lk,0,1
zezr_NmwAnA,1,1
OiqJC_C5jO4,1,1
PGeuPJS5lIw,3,2
NPItsTnfelU,3,2
s8_7Tad4zIY,3,2
qJaSmKTs4GI,1,1
SPmJcvGFjhA,0,1
Q8TSy33hCI8,3,1
1WHWhsPEpGk,1,0
BcPiK0cnLBo,0,1
uQiYod2tFVI,3,2
6K3-Qv9OAsg,0,1
8NovaUHS9bo,2,1
z8EyMxyB0Mk,3,2
1CVXK_u37Ok,0,1
AE9_FlZ0Z7o,1,0
DnjY9PH3MLE,3,2
2yhKniiQA3U,0,1
ReJYiSqiWNc,0,1
yQEW_ZZCpr8,3,1
RvzBkR3Uhec,0,0
78lPhTg8VlU,1,0
wkcTFtxHj-Y,1,1
rPlH6PSDwSc,0,1
VtlCvoHnhV8,0,0
4rXIqdKETk0,1,1
443bkElL6w0,0,1
K1Ri5O8OMdU,0,1
7Rf7V3r086s,3,2
XnQkv8goifU,0,0
0Ta7q-8dKEM,3,2
ulS2BV8MRaA,1,1
v7yg7nPHOJ0,3,2
Oxg1zKwDF4I,3,2
PopmYOzfKUw,3,2
jVwyqmidpIg,3,2
ygKCuYr-H1E,1,1
8gbx6JzNnEI,1,1
DTiQn-FIZC4,3,1
kRACIO72ehQ,3,2
XNX027nNk1I,3,1
gTFVhrwldkE,1,1
Ow4p2I3kaD0,0,0
Pu6tcDbej2c,1,1
blAGhU5d2pg,1,1
4K-KjsB2Ilc,3,2
QCcTk20MfaE,3,2
Rzf7MZURpiQ,1,1
z6Xg0GgFOzw,3,2
53bEstjFccw,3,2
NR4nei6GVz8,3,2
7DTpY4cMpd4,3,1
PsaAM9g5hLI,1,1
OLZKjiYn1Y4,1,1
L9qNBkdDfTI,3,2
CtKfr4zn7vA,1,1
F3CyzVDrbT0,3,2
IAgDjd0cBGI,3,2
l76Yl2MIjAg,3,2
WRCUC0nEW_A,3,1
PupcLCVfZDw,0,0
Rbqhd5XCgVw,0,1
5GmclOV5lx0,1,1
r3-qI8W8hfk,0,1
Pja1LLBKGyQ,1,1
CUBdaGaBHJ0,3,2
uc9G-oGYOIk,1,1
jNi7efeiax0,1,1
QmqcZbEciyM,3,2
yye23k4dtEE,3,1
7K6pxe4riC0,1,1
I8FKd2sAhBk,3,2
LgGPpC_Qvy8,3,1
AKfuVLY3-Vs,3,2
3VcunSw-ho4,3,0
C--tajajr5I,0,0
1cobL5oVD4s,1,0
3FsLLAYH8rY,1,1
0_Wg4PYq9pg,0,0
MW_ZwWwVSOA,1,1
xpzkuuBHRD8,1,0
6kkdWALIwUc,3,2
lQ6r6984BSY,1,1
gHLiHnf91IA,3,2
FSQb0RWwMmI,3,2
53tE12XE4GM,3,1
5Y8FCWAl8nE,0,1
HI9JNbEnKT0,3,2
xOiVkROBfr8,3,2
Tp_hyn0N0iY,2,3
QmxiaRiLd6Y,0,0
e9_OrJtGRpU,3,2
hsHwCVCltic,0,0
MC_UezyYpWE,3,2
nu-TaOQkokI,0,0
L_mA7PWYza8,1,0
FlQjXr8WB9E,0,1
9CFhAh7kuTQ,1,1
ovVn_0gT4K4,0,1
TJVCe53w20E,0,1
Lf_yuRtzgls,3,1
lD6vfnY0isE,0,0
WpPMObr84sI,0,1
1FwmU7dtvXk,3,2
lWuFeFBi_fc,1,1
cohICbdZXwY,3,1
MIcEQAzAVrY,1,1
GqDQ05bg_zI,1,1
AkLpClCZJBQ,0,1
-_V7gHSSnE4,1,1
0naCshnRY2g,0,1
cbf1wS3YOTo,3,2
jDUEATVUSgg,2,2
WtT3J30VM6s,3,1
7tKUUlLGlOs,3,2
06WLrVc-NL4,1,1
xvNGyFinkXQ,3,2
xj4N9lzBNWA,1,1
LPpzfyecrEw,3,2
0OA5PVE1boQ,0,0
PLlZ137YkAE,0,1
ggvKOdSfgZM,3,2
52uaJ5wczlI,3,2
N9dGbBACtH0,0,1
8WwFvaIXPDY,1,1
uyHV8k9QyFw,3,1
cRN_ITzD5uw,3,2
yVot_4ugtFw,1,1
2UiEFmI4FSI,0,1
AuXnBq1gKDg,1,1
4_E2U4Q8a9U,3,2
5EJshq7XWig,1,1
s-6__aT9V5k,0,1
ssX0fYKnOXM,1,1
TVzrQDnB-6o,3,2
CTy0c9ue-6k,0,1
M3rpHAkXXnY,1,1
aXm0cOEFbrY,0,1
-5SH7sDeq_w,1,1
lEOB9pRt9Ec,1,1
Yx1P871dcWM,3,2
u6nTl9u405M,1,1
HIGH4X3J6A4,1,0
GYHogUVXdr0,3,2
7HOLN6oUEpk,3,1
s_P0gOHwYQw,1,1
r19URH7vtck,0,0
XHalGXSt5rY,3,2
iTaqnye3naM,0,0
_oVVJ8iRtNI,1,1
hq4gMu1Lv5A,3,2
XlKxjb9tyZo,3,1
qqotqFzeqEo,0,0
qxYBiXMBH5A,0,1
tETrlO-GjD8,3,2
eok0-EA7Na0,1,1
ayVT663dcCU,0,1
ygynlG73ikU,3,1
jZO_MRHW9T0,0,0
VipCoJargfo,0,1
bd6K7Uteu0s,1,1
wde6eXqmz1M,3,2
4R1EhxW7V7c,1,1
tW7l3ddbVf4,0,1
S6-8EgKhN34,1,2
38GfndCQpwg,0,0
n5HiJQDd4G8,3,2
jgg1uOKV21Y,1,0
I6PJio39Ofs,0,1
jXUi-jvoXLU,1,0
EnRyRb_5dkQ,1,1
S6229Yr4wAg,0,1
hojpPJjhmno,0,1
lM5n4fxpRCY,2,1
puq9XCNUstE,3,2
1csmv94kp-M,1,1
dz9L9Qz-NJA,1,0
_ZFRf8Pjiz4,3,2
Z8vFAnaFa6w,3,2
rJTxuqLaurE,3,0
qWDiZRc9Jpg,1,1
eGAs0jGvSJU,3,2
BwDEbdzlLSY,1,1
iqvsuTMWOs4,1,3
evi_H6TYpiA,3,1
RCAGjMKZpiA,1,1
N7YwPsMqQ44,1,1
J2XoS-QmBuM,3,2
BvyzOdMJtPc,0,1
ljSwPvVE3uQ,0,1
4ceHp0t-KB4,0,0
XobePpqYmos,1,1
Zu1W-2GzqgQ,3,2
dgeMaatI3CY,0,1
AhLQ4ZGqJf0,3,2
znAfSQTvrNg,3,1
4V5yNVMHn8g,0,1
_F9ODOO40DY,3,2
b9JQWVo6eqw,0,1
yNNv2uXeySI,3,2
tT8_XER2LpQ,0,1
9bjcIeC-DtU,2,3
MYfONTpTjl4,0,1
uc8t9DbyCAE,0,0
2aOeN8hZ9Lk,2,3
Rx0Y-LdJq9U,1,1
z8UUJwNJqOs,3,2
A9N41y-HkXs,0,1
iYJTM39617A,3,2
IxYgKXhOwNI,3,2
nl-IXdJVZS4,1,1
15uYZKWQqkY,1,1
nWEHHnfldp4,0,1
jWupqgKSCas,1,1
op9A6Otxir8,1,1
qAubqy1f8c0,0,1
CuzpErCYsy4,1,1
fVcxuTdh6RU,0,1
bSzINmwhG4c,1,0
ynCKIg76Qhk,0,1
UzYP6VOP6pg,3,1
Z8DsoLM0Tzk,3,2
tmuKMRcbZ3U,3,2
e76dTkUv4bc,3,1
BX1f0DXT37k,3,2
bM_tdRYPb7U,0,0
Tsvc5cUUiFE,0,1
O3X-G8YD2QA,3,2
DQsYngGn2_g,1,1
motaee8o-bM,1,0
0gJOy8xAIHI,0,1
LdAh_174-4E,0,1
ilviDFcDdxU,1,1
cj99qaBUL4A,0,0
8S5FyNmJT78,0,1
TaYu1qOqhdY,1,1
sGFPXyADiOs,0,1
kmssoS1uBMM,1,1
EwGDh8FsnTs,3,2
m5wZMfV7tnw,3,2
uUKecsIHv94,1,2
66WhKkui2Qc,1,1
BhEal6igGf0,3,2
S4UVl9bELv0,1,1
48FdxPyaU4k,1,1
bs86w-ogeCQ,3,1
zIVP1fwXqmc,3,2
qgrmebSiwNU,3,2
cOu1pahHarA,0,1
w0sjelinjrw,3,2
rV1woE-oZYE,0,1
4MHTo6mBuvo,3,2
ebwgJvqC8HI,1,1
VukaW4yY5Go,3,2
QnGUCpCf-1g,0,0
kfVi--_EY4c,0,1
jBxPRcuHIqo,2,1
TCfwntE5mVA,0,1
CTz6DQJH1Og,3,2
ZtNd6orfHnY,3,2
nOvWSpvWC_M,1,1
1iM-Du-fg2I,0,1
H2-nOkXD5DU,3,2
_WCGwKG406c,1,0
uBBZhBgaw6s,0,1
p93gFW5ZHn8,1,0
dxZ5gesIA_M,1,1
CqyaMrQnltY,3,2
884xeMiMhts,3,0
8ust2xdM5Kk,0,1
cIQPohWJnno,1,1
EBOd1FyXzkg,1,0
WS-R8vNRrvI,3,2
Yr4zaXIVrgI,3,2
EAF7gTDEXfs,1,0
HtjFiQgRzM8,0,1
pte-m0wAltI,3,2
CwDxLtWX2z8,1,1
bxyYbdX-820,3,2
80TaKygl7Jg,3,1
xE3u9uH7yyE,0,1
tTHQMvVKU5o,1,1
OTEf7hxHggU,3,1
uSsls8rPSCo,0,1
O8IbUN1rOWw,3,2
HJWQB2IXKPA,3,1
QTCKAfXpMnw,1,1
i2ePP4-Dd_s,0,1
lQqwL2r70FA,3,2
tYrt6gsvd-A,1,1
0dnc2UUAbjw,0,0
Y5xnKQNIQUM,1,1
YHoq8E0nvw4,1,0
SFGPtzttxoY,1,1
l8cU1hFm6QQ,1,1
8xTkeeR6gw4,3,2
eYmk7w9FbTA,1,1
E4G75smdYqU,1,0
yPk_FLAvBFw,0,0
LhG25_rJ67Y,3,1
dOWGoX71j4g,3,2
KcqtQ-g2Nro,3,2
jdEpdByjbNA,3,2
-zsoLSSno48,3,0
oElL4T2kC20,1,1
XMtM6RaDxJY,1,1
LTBOJkSiaC4,0,1
uiJCpeW0qzc,0,1
U48Nuid4vEI,2,2
8aEPono3-YE,0,1
BMFFPA_2VnQ,1,1
FKi5XZvvN1Y,1,3
9cLas6XZGFE,3,2
yScgk8EKN8I,0,0
GCZNwokzqDc,1,1
FLZUp-CFfIE,0,1
HdkxmpeZMbw,0,0
_b2Ykobciqs,0,1
lcc12qyXPJo,0,0
nYUb7lmGL8Q,3,2
8S_QUNi3XHc,0,1
t_91VjloCUo,3,2
RQOsVm3sdVU,0,1
9SWyPC2woYs,1,1
lQhJKfRYOqQ,3,1
OmTeZA75kAg,3,2
jTgYwYwDJ-g,1,1
mw3ZXOYvcSI,0,1
0QbRgVooiao,3,2
Ik1dFw1VYtE,3,1
qemSYO6Jvog,0,1
vA5xZYtFT4w,3,2
3uCm7XkhZpk,3,2
mQvZ82ZtbGg,0,0
J-pLqV59M7I,0,1
geyvtHWXefQ,3,2
B6a84EV18FY,3,1
Y92qU72svR4,1,1
o90O00-b3Zw,3,1
XRkgBYZRyMc,1,1
MX1LeZ1Tjwc,3,2
Pg3nGOTS61c,0,1
32l7SIheW6g,3,2
CqzVzxOECSg,0,1
FSD2Ez-VWTg,1,1
geVqhtE-bZ0,0,1
5uIA0HBq9Nc,0,0
lMB0WMHdTxY,1,0
KwFzmqrcJpA,1,1
jfdcC48zPio,1,1
qyCl5dl617Y,1,1
62Y9t9NqYPc,0,1
r1G0-zA4Aw0,0,1
8th6hMblpQA,1,1
hxUs4dJE4qo,3,2
vpgvciRYQG0,0,1
22mnqUQmrqA,1,0
M-YoAbSJqEg,1,1
hBhD_NDa3ts,3,2
EFV6L3rB1Js,3,2
JHSuwQ1YhCo,1,1
IZgKF2TUgVs,3,3
EqiRsrTE8bU,0,1
1Ex6t0uEY8Q,3,2
Gz0bvWHv5H8,3,2
QhzrdGv-DxQ,3,2
c-V4xgRSZFU,1,1
UnzXxjQXwts,1,1
CHA9FjqU-mk,0,1
HrZC3LWca9w,3,2
sFjYoFrizM4,1,1
BJ7xO-KZ8d4,3,2
uFkoj_7sPTw,0,1
OxsMVPjw6Pg,1,1
sr1Pt3Z42MQ,1,1
U82R_-jOeDg,0,0
39wcnpCjY_A,0,0
t8uwRBwLSYM,1,1
NS5P8WZOwt4,3,2
7CypVtiAucc,0,0
d9UtpAnkLKI,3,1
1HIBmRkPAe0,1,1
tItNj5ySViU,0,1
deG2a5xe47c,3,2
kaUS4Wmil-o,3,1
hJShdilXDAA,2,1
iHLnwF-l5zI,1,1
DtGlq3BVt7s,1,1
1NIXhb2vnMk,2,3
X88CLrOy_aw,1,1
X8RY_YVmaEw,3,2
iznLkmDDYUk,1,1
ypfQpKjpAuk,3,2
8rjVe5nBXeQ,0,1
j0oKSuK4mN4,0,1
Uzk6zTZdZj0,0,0
azbAiIEZ8sY,1,1
AE_k5Ea95Hs,1,1
Qc0rRLanTEU,3,1
EVKgF5PAq5U,1,0
5XB1ZfcJ1qs,3,1
uS-HnEModC8,3,1
zBd5RxilAzk,3,1
LWT6SXjsyhw,0,1
kOYEu13r5jY,3,2
SNTuHes_TnA,3,1
eJ859UfVYDI,3,2
5w7J2y5KKk0,3,2
i-yAYs7AW8Q,1,0
Eo_Igq8rnPA,1,1
ds7GSh2wzug,1,1
ChTCG2Nh11c,3,2
mTscyOWHwhM,3,2
VBnRrKyCyFw,3,2
xviOs4tyIb4,3,2
4NFxCBk--pA,0,1
9urn2GDFRsc,1,0
zOjW4PWHPxQ,3,2
uFjU3oSqqgY,1,3
YYWORrTXuPE,0,1
zeJ6gmzZoYM,0,1
6eum-a1uH_M,2,1
QSHonpqumtA,1,1
uyyopBJbCJM,0,1
_-6NtfjzlnI,0,0
HzLM0QtAmWI,0,1
xOHrzDykafQ,3,1
8IjlRIGApZI,1,1
nr9NlrM0jWU,3,2
tBImxfuS-k0,0,0
Ehs843lV1dY,0,1
BgfNe9PGBls,3,1
JqubKdUK4wE,1,1
smZ4iQkqzOg,1,1
WZ8GRBhs3gA,3,2
5zH1vFbKQPE,0,1
I3A45YCTo8g,3,2
YG3yMlmowi0,0,1
iOqQmFSD8_Q,0,1
38jgLeGQExE,1,1
jlNZeF8ofaM,3,2
lOWKD55WDp0,0,1
jHhqPv7OSNI,0,1
tzjus1Uqz-M,0,1
DeBV53WC_oI,3,1
XdFMwD0sXtc,0,1
71Bx85RPkpU,3,2
6EYzp_HOCG4,3,2
yNdMIvmHTSw,3,1
HKwICKOi6kE,1,3
lm5dgfoQeUI,3,2
DLLQf7-XYYo,0,1
xkAgCBVS1ec,0,1
znUYsTkHcqI,2,1
junEPrAwH0w,1,1
JkDuhcbi2kc,0,1
CrhcbCcKthA,0,1
vbw2_j_tF5s,3,2
9ZRv1iG9B_k,3,2
_u3UuwC6xos,3,1
ST3A5EufDYs,3,2
RZi38m1XOF8,1,1
s6o-tykOYB4,0,1
KSPsaoVa22w,3,2
5ZVAsRogXIE,0,1
2FWXLTNAzlE,3,2
rMKYlDQMM6c,1,1
mOJ9tReqHyA,0,1
UsstrItJemE,1,1
3khEnogTnPk,3,2
KlC729hKdu0,3,2
fWXA6439S_E,0,1
gGSUbMOtCfU,1,1
QHTeLLs4I9A,0,1
VumUIeWHCNY,1,1
2de0RRxf8AA,0,1
WCkP_jmDay8,3,1
OGGyxIGPMvY,3,2
_HZOXbqXM88,0,0
K8ITTxssJl4,3,2
B-nZvqbozNs,1,1
1NjoVnCmBjw,0,1
JqD5OLVdv68,3,2
MDUpdb6RdMo,0,1
saFds9buJ5I,3,2
Htx52tkVbV8,1,1
sBvbPQaBNmU,1,1
jAq0kIg9gC8,1,0
73WDzfkCPFU,3,2
7U1ylD_wDYs,3,2
RLr7Vz3I784,1,1
aRGBXKVX7PE,0,1
PHN_p7Gk7E4,2,3
lxAGp-vVZ14,0,1
U7X6idHw3zY,0,1
b4fV8YY8z3A,1,1
rNZeKLwM66E,1,1
lRezD4QoeoU,0,1
fq9JIhzk59U,0,1
dBD063grw4g,0,1
2sZv0DwCZ-A,1,3
xo-uGZ-BjtY,3,2
X6ITZTBnVok,1,1
BcSaWjJRXKo,0,1
DUG--GkXqcs,2,1
v_fQrR2acyg,1,1
GE7bv0lhiEc,1,0
rzYq_xVI6gE,3,2
vw0JN7VI-pE,3,2
y3gLj57OfGs,3,1
cLAYD49V8wE,0,0
aG_7pFr565g,3,2
fGAa16vjTAY,3,3
EqYBI_CPPWg,1,1
vJhbNMaVb-M,1,1
nCUWo7nJ_ww,3,2
COsiT_spjkM,1,1
nz-r-LeWzww,0,0
qb8PVDARYOE,1,1
fEDoaLw2AqQ,0,1
duacmlpb5rc,3,2
n5JMVuHFUc8,1,1
CiRstnkZT2k,1,1
bvJfihhXgBg,3,1
kBuDLJyTYt8,1,1
bRTOgjW_MRw,1,1
RV_vA6VA6C8,3,1
qyJIaZpCzq4,0,1
BAW-9fArPJE,1,0
HmB_E_egNtw,0,1
G4RgOZ2Lbrw,3,2
HrpAI2QkWFk,1,1
-dmLlrQdJ4M,1,1
b-DJLa9lOh0,3,2
NfsS-FIYKqc,3,2
0XqxIyyUUCE,0,1
mcM_8unAOYE,3,2
BY1QXfH0WXc,0,1
W2Hw8tcniag,0,1
34WMEFtF8OE,3,2
8rvrYryOBlg,1,1
ApKX-rawOJk,3,1
sJOGU0U-i0w,3,1
IFcqTlIdLUs,0,1
zBTZYoPEIJE,0,1
_56Y_LqdwSE,0,0
eqdES2H9jRY,1,1
fv7-Hf2GUsQ,1,1
3KEY4hkdbDg,0,1
xb_G9tErqBg,1,1
uOkxLdy6mVk,1,1
jbMVewwC1aM,3,0
iyBTlTMIy5A,0,1
YeoKg3Dfexo,1,1
ACENr6SoxUE,0,0
kr7debcXmZY,1,1
IdzadwYf3H0,3,1
nzXovU5q6r8,1,1
RBvw4-whwHs,3,2
R3JgPWuo2DU,3,2
5rA1OhfvuXw,1,1
5wAYyQwiORI,1,1
yo2nJOWccu0,3,2
Xdorw6L2mQE,0,1
d7TZNaRprOE,0,1
GKfs5pkFRVU,3,2
CyXb2RDuxfM,1,1
QjkUuq-brrg,1,1
tFDVBT8oKeA,1,1
798TfJrp9tI,1,1
yjD-VVmblRc,1,1
bgAvRwkWvos,0,1
PphfE5O5emk,1,1
2d0S_MdQglE,3,2
Otcgq248Mp4,3,2
SMYhZ5ssJy8,3,2
8lvf18HaSS8,3,1
2XVH6JZn3jM,1,1
Z6w77Azdsas,3,2
iUqkUX381ck,3,2
ov3cQ12rZLg,3,2
OwK6r5VPDew,1,1
lYFw3RYsUxM,3,2
Wa5YqTSj0uw,0,1
x4ea4o-gGNo,0,1
3sJ9tsNiFj8,3,2
kwnm16JR0oU,1,1
7kw-W9iYZ1g,1,1
ORjVYV9uB80,1,0
zTUU2HGW4nk,0,1
FaB7QDm3wz8,0,0
aQKlWIZ8evY,1,1
NG7IrCtsucU,1,0
f9w-KeFK5Bs,0,1
Evu9WK_fVXc,3,2
3QBCKKcqKZA,1,1
KBIcVRn97Sg,0,0
9fSpctieg5c,3,2
FSIjn9dyP7Q,3,2
xupyh9X2csE,1,1
g4vR_jAs5ME,1,0
9isEejSZxm4,0,1
L3ZL2pUYOa8,3,2
SdD9Sj9h1AA,3,2
EBddk05ntCo,1,1
RlvLjhXSKik,1,0
Iw8oIicrpgc,0,0
fA7ZtvvCRrE,3,1
7q0jpW8t9jg,1,1
f-lhxxaXvHU,1,0
vjLAvWH17Vc,0,1
VItNJndMOzs,3,2
b310nCmslKA,0,0
hhv8WRZGa3E,3,1
CBscOuLHRv8,0,1
CWT9ChTY9xc,3,1
2BidnXPW3eE,1,1
LVilJzsv1Cc,0,1
NL0mMOHXcB8,0,1
9UwNnwqZmEo,0,1
yT-gFwGzTgE,3,0
7vWne0OYr0c,3,2
FuO2NGGHOF4,1,1
ImQCRcq9PUg,1,0
tukJcydbpNg,1,1
Cw4lTI2WGzs,1,1
Je042JvGPJY,3,2
_x7u1jqDnJg,1,1
h8sSUnyqM-A,2,1
KXrQQEqT1rA,3,2
EpoqWLejb_w,3,2
gjsTLGNMYKM,1,1
jjsNx79e374,1,1
7vgjVRQi_iM,0,1
CEhXuvTZYXo,0,1
rlessNJMLHw,0,0
LW0F30J_NUU,3,1
LUNoZldI-9I,3,2
MCpW1VKtHx0,0,0
fawYRXDy1_Q,3,2
oU_RGfWIYZw,3,2
BxtwwLjOPLE,3,2
M7APfvFSZbU,0,1
tIM4I1TjXw0,1,1
LnLQXhRprcA,1,0
oiM4ySNQho8,1,1
FnraPBhJZq8,0,1
nxzXCLd6yME,1,1
hT3bP1s5-a8,3,2
fdiCO215NiM,0,1
cnwJ944-I5Q,0,1
LWh8lH5qxf8,3,2
vTuS09m6raY,3,2
qxbMHruxM_k,3,2
NYb9RQRm0i0,0,1
7KwZ3viyqfc,0,1
WcxrBHCC0Nw,1,1
0Vj7k4_L6bc,0,1
5ykYZEB5jnM,1,1
nkCPfaoz5yo,3,2
c7_C427tNb4,0,1
L1ZUtqnnP6o,3,1
J1nX3zsaBjs,3,1
tVl-lSVQ_E8,0,1
aNKejXVblHM,0,1
8IntL86w-qM,1,1
xLA6QJiUjdk,1,1
dnxalkCAeTs,3,1
1QXFsuKv0D0,1,1
EvIQUqx7KOw,1,1
mB4xyglk4ag,1,1
FUbX8-nz_00,0,1
79hWJdUibF0,1,1
2Otl3I_BTf0,1,1
FBN8kn9UTUY,3,2
I7LV_RJTHXk,1,1
gJECUR9dDsc,0,1
XYQc6KGdXV8,1,1
RSRquHcQF4k,3,2
EZYBqXguAQI,1,0
mBq-FvzOLHU,0,1
we-vpUYzDvk,1,1
qs9woVE10x0,1,1
xCDaqB1v9Jw,3,2
qrhYZfdk6ZI,3,2
gPuXPY7Ld0U,3,1
qRTxJfTblV8,3,1
JG4lLNoB0PI,3,2
mz-icDoUE9k,3,2
J_uKrq3uDOk,3,2
VI7bh3l1ujY,1,1
_raz-ETWZGg,1,1
xSmnsQPLfWU,1,1
Anpc7sgLtrY,3,2
bR7dYCbE0Qg,2,3
-E2BvMicEDo,3,2
51vhxEQow6c,1,1
nRqulNK4AU8,3,1
xTywBzAYGUk,3,2
iSxcexDeLr8,0,0
xvIznyWmZeE,1,0
wMaSTfmzOGQ,0,1
0J8Hr2WlXak,0,1
MQpUrJcUG8U,0,0
TkDKMZUbS3I,0,1
zYmfEuA143c,1,1
Bwy14UH9CXU,1,0
D5CmkVjgfmU,1,1
5Z4x_0a5VZI,3,1
S4y-cUr5CEg,1,1
-XRdf-3lO7w,3,1
