url,index,error_msg,analysis_raw
QnGUCpCf-1g,15,Expecting value: line 1 column 1 (char 0),"We need to produce JSON. Let's craft summary: ""이재명 대통령이 지방자치와 균형성장을 강조하며 5극3특 정책을 추진하자는 메시지"" or similar.

Emotional tone: high support, some frustration about infrastructure. So maybe 8.

Key entities: 이재명, 이재명 대통령, 잼통령, 잼통, 정당 (not specified). Also maybe ""정당"" but not named. So list: [""이재명"", ""이재명 대통령"", ""잼통령"", ""잼통""].

Context bridge: explain that the video promotes local governance and balanced growth, referencing 5극3특, and comments show strong support, some concerns about infrastructure, and calls for policy implementation.

Let's produce JSON.{""summary"":""이재명 대통령이 지방자치와 균형성장을 강조하며 5극3특 정책을 추진하자는 메시지를 전달한다."",""emotional_tone"":8,""key_entities"":[""이재명"",""이재명 대통령"",""잼통령"",""잼통""],""context_bridge"":""영상은 ‘5극3특’이라는 정책 프레임을 통해 지방자치 강화와 균형성장을 목표로 삼으며, 이를 통해 지역 발전과 국민 복지를 증진하려는 의지를 담고 있다. 댓글에서는 대다수가 이재명 대통령과 ‘잼통령’에 대한 지지와 격려를 표명하면서도, 지방 인프라 부실과 공공사업의 투명성 강화에 대한 요구가 함께 나타난다. 이러한 정치적 맥락과 감정적 반응은 영상이 제시하는 정책 방향과 국민의 기대·불만을 동시에 반영한다.""}"
tItNj5ySViU,82,Unterminated string starting at: line 1 column 332 (char 331),"{""summary"":""The video claims that the reason for the immediate arrest upon entering the United States has been revealed, implicating political corruption and national‑security concerns involving Korean officials."",""emotional_tone"":8,""key_entities"":[""배승희 변호사"",""이진숙"",""최민희"",""이재명"",""윤석열"",""국민의힘"",""민주당"",""보수"",""우파"",""민주주의""],""context_bridge"":""The video presents a narrative that the arrest of a Korean political figure upon entering the U.S. was not a routine immigration matter but rather a politically motivated action tied to alleged corruption and national‑security violations. It cites evidence (e.g., documents, statements) suggesting that the arrest was orchestrated by opposition forces to silence dissent. The comments reflect a polarized political climate: strong support for 배승희 변호사 and 이진숙, calls for accountability against figures like 최민희 and 이재명, and a broader debate over the role of conservative versus progressive forces in Korean politics. The overall tone is highly charged, with supporters expressing fervent patriotism and critics accusing the opposition of abuse of power.}"
SUieMnNYPpE,85,timed out,"{""summary"":""배승희 변호사는 ‘죄명’이라 불리는 이재명 후보가 범죄를 저질렀다고 주장하며, 법적 책임을 촉구한다."",""emotional_tone"":9,""key_entities"":[""배승희 변호사"",""이재명"",""윤석열"",""이재용"",""노총"",""노조"",""삼성""],""context_bridge"":""영상은 이재명 후보의 ‘노란봉투법’과 노동조합 관련 논란을 근거로 ‘죄명’이라 부르는 인물의 범죄 행위를 지적하고, 배승희 변호사를 ‘여전사’로 묘사하며 법적 조치를 촉구한다. 댓글은 배승희를 지지하고 이재명을 비난하는 극단적 정서가 두드러지며, ‘노총·노조·기업’과 ‘윤석열·이재용’ 등 주요 인물·정당을 언급해 정치적 양극화를 반영한다.""}"
EqiRsrTE8bU,115,Unterminated string starting at: line 1 column 359 (char 358),"{""summary"":""The video accuses Kim Hyun‑ji of being a major political threat and alleges that Lee Jae‑myung is complicit, calling for a special investigation and impeachment of Lee."",""emotional_tone"":9,""key_entities"":[""Kim Hyun‑ji"",""Lee Jae‑myung"",""Democratic Party (민주당)"",""통합진보당"",""경기동부연합"",""민족민주혁명당(경기남부위원회)"",""위헌정당"",""옛통진당"",""이석기"",""김정은"",""김정일""],""context_bridge"":""The video presents a narrative that Kim Hyun‑ji is a ‘big bomb’ threatening national security, linking her to Lee Jae‑myung’s political machinery and alleged ties to North Korea. It frames this as a call for a special investigation and impeachment, suggesting that the current administration is corrupt and complicit. The comments reinforce this narrative with intense anger, conspiracy rhetoric, and demands for arrest, while occasionally offering support or praise for the lawyer’s stance. The overall logic is: Kim Hyun‑ji is dangerous → Lee Jae‑myung is complicit → immediate legal action (special investigation, impeachment) is required.}"
-iUoGreYT4Q,191,timed out,"{""summary"":""The video argues that the president’s political decisions are the biggest risk to South Korea’s economy and stock market."",""emotional_tone"":8,""key_entities"":[""윤석열"",""이재명"",""김대중"",""노무현"",""박정희"",""국민의힘"",""더불어민주당""],""context_bridge"":""The video presents a logical chain that links political instability—especially the actions and policies of the current president—to negative outcomes for the economy and the stock market. It cites recent market performance, compares it with past administrations, and highlights the influence of political parties and chaebols. By showing how political risk can outweigh other economic factors, the video concludes that stable governance is essential for attracting foreign investment and sustaining market confidence.""}"
Je042JvGPJY,194,timed out,"{""summary"":""영상은 유시민의 ‘알릴레오’ 프로그램이 마무리되었음을 알리며, 시청자들이 그가 다시 돌아오길 기대하고 감사의 마음을 전하는 내용을 담고 있다."",""emotional_tone"":8,""key_entities"":[""유시민"",""조국"",""문재인"",""노무현"",""사람사는세상노무현재단"",""RohMoohyunFoundation"",""알리뷰"",""알릴레오"",""조수진 변호사""],""context_bridge"":""영상은 유시민이 진행한 ‘알릴레오’ 프로그램의 종료를 알리면서, 시청자들이 그가 정치적 논평과 사회적 메시지를 전달해온 인물임을 강조한다. 댓글에서는 유시민에 대한 깊은 존경과 감사, 그리고 시즌3 재개를 기대하는 정서가 두드러지며, 이는 유시민이 과거 법무장관·정치인으로서의 역할과 ‘민주주의’·‘문재인’·‘노무현’ 등 다른 정치 인물과의 연관성을 통해 정치적 맥락을 형성한다. 전체적으로 감정은 지지와 기대가 강하며, 비판이나 조롱은 거의 없고, 시청자들의 정서적 연결이 중심이다.""}"
U48Nuid4vEI,213,timed out,"{""summary"":""쿠팡 데이터 유출 사건은 이익이 아니라 정치적 보복을 목적으로 한 것으로 보이며, 중국인 개발자와 외국 기업이 연루돼 한국 정부와 기업에 대한 신뢰를 흔들었다."",""emotional_tone"":9,""key_entities"":[""쿠팡"",""알리테무"",""중국인 개발자"",""한국 정부"",""국회보좌관"",""김현정"",""김범석"",""이정권"",""민주노총"",""중공당"",""미국"",""한국 고등학생""],""context_bridge"":""영상은 쿠팡 유출 사건을 ‘돈이 아닌 보복’으로 해석하며, 중국인 개발자와 외국 기업(알리테무 등)의 개입을 암시한다. 이를 통해 한국 개인정보가 외부에 노출된 위험과 정부·기업의 보안 부실을 비판하고, 국가 안보와 개인 데이터 보호의 필요성을 강조한다. 댓글에서는 중국에 대한 불신, 정부와 기업에 대한 불만, 그리고 ‘중국 간첩’이라는 정치적 정서를 드러내며, 이 사건을 이용한 정치적 갈등과 사회적 분열이 가시화된다.""}"
zYmfEuA143c,244,timed out,"{""summary"":""The CBS news show condemns the rejection of the 1‑person‑1‑vote system and calls for the dismissal of Representative Jung Cheong‑rae, citing support from Ye Seon‑woong, Song Young‑hoon and Choi Byung‑cheon."",""emotional_tone"":8,""key_entities"":[""Kim Hyun‑jung"",""Jung Cheong‑rae"",""Ye Seon‑woong"",""Song Young‑hoon"",""Choi Byung‑cheon"",""Kim Ji‑ho"",""Yoon Han‑hong"",""Park Jae‑hong"",""Democratic Party (민주당)""],""context_bridge"":""The video frames the 1‑person‑1‑vote proposal as a political failure and urges the removal of Jung Cheong‑rae, framing it as a collective stance supported by Ye Seon‑woong, Song Young‑hoon, and Choi Byung‑cheon. The comments reveal a polarized audience: strong anger toward Choi Byung‑cheon, admiration for Song Young‑hoon, accusations of fake news, and calls for a more balanced panel. The overall emotional tone is highly charged, with frequent sarcasm and frustration, reflecting a broader distrust of political actors and media practices.""}"
1cobL5oVD4s,268,timed out,"{""summary"":""Han Dong‑hoon should be appointed Vice Chairman of the National Assembly to lead the party to victory in the upcoming elections."",""emotional_tone"":9,""key_entities"":[""Han Dong‑hoon"",""Kim Moon‑soo"",""Kim Ki‑hyun"",""Yoon Seok‑ryeol"",""Won Hee‑ryong"",""Shin Hye‑sik"",""Hong Jun‑pyo"",""Kim Jong‑in"",""People’s Power Party"",""Democratic Party"",""New Party""],""context_bridge"":""The video argues that appointing Han Dong‑hoon as Vice Chairman of the National Assembly will strengthen the party’s leadership, unify its factions, and secure electoral success. It emphasizes his experience, integrity, and strategic vision, claiming that his role will bring stability and decisive action. The comments echo this narrative, offering enthusiastic support, urging unity, and praising Han’s capabilities while referencing other political figures and parties to reinforce the message of collective victory.""}"
xvIznyWmZeE,302,timed out,"{""summary"":""영상은 문재인 대통령이 이재명에게 항복했다는 주장을 통해 정치적 권력 이동을 암시한다."",""emotional_tone"":9,""key_entities"":[""문재인"",""이재명"",""홍준표"",""박정희"",""조국"",""이낙연"",""신혜식"",""신대표"",""신평"",""김혜꼉"",""장경동"",""민주당"",""국민의힘"",""자유통일당"",""비례대표""],""context_bridge"":""영상은 ‘문재인, 이재명에 항복’이라는 충격적인 주장을 통해 현재 정치권의 균형이 바뀌고 있음을 암시한다. 이 주장은 보수층과 진보층 사이의 갈등을 부각시키며, 댓글에서는 박정희 동상 세우기, 홍준표 지지, 조국·이재명 비판 등 극단적 의견이 폭발적으로 나타난다. 감정적 휘발성은 분노와 지지, 조롱이 뒤섞인 형태로, 보수적 시각이 강하게 드러나며, 비판적 시각은 주로 진보 인물에 대한 공격으로 나타난다. 이러한 논리 구조는 ‘항복 주장 → 정치적 파장 논의 → 극단적 요구(동상, 구속 등)’ 순으로 전개된다.""}"
6lbg575tZ80,384,timed out,"{""summary"":""신인균은 쿠팡 사태를 미국의 개입과 중국의 영향력 확대가 결합된 ‘국가 안보 위협’으로 해석하며, 중국 기업(알리, 테무)과 정부의 친중 정책을 비판하고 국민에게 불매·반중 행동을 촉구한다."",""emotional_tone"":9,""key_entities"":[""신인균"",""쿠팡"",""알리(Alibaba)"",""테무(Tmall)"",""중국"",""미국"",""국민의힘"",""민주당"",""이재명"",""국가정보원"",""선관위""],""context_bridge"":""영상은 ‘쿠팡 사태’가 단순한 기업 문제를 넘어 미국·중국 대립의 한 축으로 재해석한다. 신인균은 쿠팡이 ‘국가 기업’으로서 보호받아야 할 자산이며, 중국 기업이 개인정보와 물류망을 통해 한국 안보를 침해하고 있다고 주장한다. 이를 바탕으로 ‘불매·반중’ 행동을 촉구하고, 정부·정당이 친중·중국 기업을 지지하는 현상을 비판한다. 댓글은 이 논리를 지지하거나 반박하며, 강한 분노·지지·조롱이 뒤섞인 감정적 반응을 보인다. 이 구조는 ‘국가 안보·경제’와 ‘중국·미국’ 이데올로기 대립을 중심으로 전개된다.""}"
a_K5atpp7ik,386,Unterminated string starting at: line 1 column 8378 (char 8377),"{""summary"":""The video argues that China faces three unsolvable problems and questions whether South Korea should continue to maintain a pro‑China stance despite these issues."",""emotional_tone"":9,""key_entities"":[""신인균"",""김재명"",""김현지"",""윤석열"",""민주당"",""여야"",""중국"",""중공"",""중국인"",""중국산"",""중국산 농수산물"",""중국산 제품"",""중국"",""중국인"",""중국"",""중국"",""중국"",""중국"",""중국"",""중국"",""중국"",""중국"",""중국"",""중국"",""중국"",""중국"",""중국"",""중국"",""중국"",""중국"",""중국"",""중국"",""중국"",""중국"",""중국"",""중국"",""중국"",""중국"",""중국"",""중국"",""중국"",""중국"",""중국"",""중국"",""중국"",""중국"",""중국"",""중국"",""중국"",""중국"",""중국"",""중국"",""중국"",""중국"",""중국"",""중국"",""중국"",""중국"",""중국"",""중국"",""중국"",""중국"",""중국"",""중국"",""중국"",""중국"",""중국"",""중국"",""중국"",""중국"",""중국"",""중국"",""중국"",""중국"",""중국"",""중국"",""중국"",""중국"",""중국"",""중국"",""중국"",""중국"",""중국"",""중국"",""중국"",""중국"",""중국"",""중국"",""중국"",""중국"",""중국"",""중국"",""중국"",""중국"",""중국"",""중국"",""중국"",""중국"",""중국"",""중국"",""중국"",""중국"",""중국"",""중국"",""중국"",""중국"",""중국"",""중국"",""중국"",""중국"",""중국"",""중국"",""중국"",""중국"",""중국"",""중국"",""중국"",""중국"",""중국"",""중국"",""중국"",""중국"",""중국"",""중국"",""중국"",""중국"",""중국"",""중국"",""중국"",""중국"",""중국"",""중국"",""중국"",""중국"",""중국"",""중국"",""중국"",""중국"",""중국"",""중국"",""중국"",""중국"",""중국"",""중국"",""중국"",""중국"",""중국"",""중국"",""중국"",""중국"",""중국"",""중국"",""중국"",""중국"",""중국"",""중국"",""중국"",""중국"",""중국"",""중국"",""중국"",""중국"",""중국"",""중국"",""중국"",""중국"",""중국"",""중국"",""중국"",""중국"",""중국"",""중국"",""중국"",""중국"",""중국"",""중국"",""중국"",""중국"",""중국"",""중국"",""중국"",""중국"",""중국"",""중국"",""중국"",""중국"",""중국"",""중국"",""중국"",""중국"",""중국"",""중국"",""중국"",""중국"",""중국"",""중국"",""중국"",""중국"",""중국"",""중국"",""중국"",""중국"",""중국"",""중국"",""중국"",""중국"",""중국"",""중국"",""중국"",""중국"",""중국"",""중국"",""중국"",""중국"",""중국"",""중국"",""중국"",""중국"",""중국"",""중국"",""중국"",""중국"",""중국"",""중국"",""중국"",""중국"",""중국"",""중국"",""중국"",""중국"",""중국"",""중국"",""중국"",""중국"",""중국"",""중국"",""중국"",""중국"",""중국"",""중국"",""중국"",""중국"",""중국"",""중국"",""중국"",""중국"",""중국"",""중국"",""중국"",""중국"",""중국"",""중국"",""중국"",""중국"",""중국"",""중국"",""중국"",""중국"",""중국"",""중국"",""중국"",""중국"",""중국"",""중국"",""중국"",""중국"",""중국"",""중국"",""중국"",""중국"",""중국"",""중국"",""중국"",""중국"",""중국"",""중국"",""중국"",""중국"",""중국"",""중국"",""중국"",""중국"",""중국"",""중국"",""중국"",""중국"",""중국"",""중국"",""중국"",""중국"",""중국"",""중국"",""중국"",""중국"",""중국"",""중국"",""중국"",""중국"",""중국"",""중국"",""중국"",""중국"",""중국"",""중국"",""중국"",""중국"",""중국"",""중국"",""중국"",""중국"",""중국"",""중국"",""중국"",""중국"",""중국"",""중국"",""중국"",""중국"",""중국"",""중국"",""중국"",""중국"",""중국"",""중국"",""중국"",""중국"",""중국"",""중국"",""중국"",""중국"",""중국"",""중국"",""중국"",""중국"",""중국"",""중국"",""중국"",""중국"",""중국"",""중국"",""중국"",""중국"",""중국"",""중국"",""중국"",""중국"",""중국"",""중국"",""중국"",""중국"",""중국"",""중국"",""중국"",""중국"",""중국"",""중국"",""중국"",""중국"",""중국"",""중국"",""중국"",""중국"",""중국"",""중국"",""중국"",""중국"",""중국"",""중국"",""중국"",""중국"",""중국"",""중국"",""중국"",""중국"",""중국"",""중국"",""중국"",""중국"",""중국"",""중국"",""중국"",""중국"",""중국"",""중국"",""중국"",""중국"",""중국"",""중국"",""중국"",""중국"",""중국"",""중국"",""중국"",""중국"",""중국"",""중국"",""중국"",""중국"",""중국"",""중국"",""중국"",""중국"",""중국"",""중국"",""중국"",""중국"",""중국"",""중국"",""중국"",""중국"",""중국"",""중국"",""중국"",""중국"",""중국"",""중국"",""중국"",""중국"",""중국"",""중국"",""중국"",""중국"",""중국"",""중국"",""중국"",""중국"",""중국"",""중국"",""중국"",""중국"",""중국"",""중국"",""중국"",""중국"",""중국"",""중국"",""중국"",""중국"",""중국"",""중국"",""중국"",""중국"",""중국"",""중국"",""중국"",""중국"",""중국"",""중국"",""중국"",""중국"",""중국"",""중국"",""중국"",""중국"",""중국"",""중국"",""중국"",""중국"",""중국"",""중국"",""중국"",""중국"",""중국"",""중국"",""중국"",""중국"",""중국"",""중국"",""중국"",""중국"",""중국"",""중국"",""중국"",""중국"",""중국"",""중국"",""중국"",""중국"",""중국"",""중국"",""중국"",""중국"",""중국"",""중국"",""중국"",""중국"",""중국"",""중국"",""중국"",""중국"",""중국"",""중국"",""중국"",""중국"",""중국"",""중국"",""중국"",""중국"",""중국"",""중국"",""중국"",""중국"",""중국"",""중국"",""중국"",""중국"",""중국"",""중국"",""중국"",""중국"",""중국"",""중국"",""중국"",""중국"",""중국"",""중국"",""중국"",""중국"",""중국"",""중국"",""중국"",""중국"",""중국"",""중국"",""중국"",""중국"",""중국"",""중국"",""중국"",""중국"",""중국"",""중국"",""중국"",""중국"",""중국"",""중국"",""중국"",""중국"",""중국"",""중국"",""중국"",""중국"",""중국"",""중국"",""중국"",""중국"",""중국"",""중국"",""중국"",""중국"",""중국"",""중국"",""중국"",""중국"",""중국"",""중국"",""중국"",""중국"",""중국"",""중국"",""중국"",""중국"",""중국"",""중국"",""중국"",""중국"",""중국"",""중국"",""중국"",""중국"",""중국"",""중국"",""중국"",""중국"",""중국"",""중국"",""중국"",""중국"",""중국"",""중국"",""중국"",""중국"",""중국"",""중국"",""중국"",""중국"",""중국"",""중국"",""중국"",""중국"",""중국"",""중국"",""중국"",""중국"",""중국"",""중국"",""중국"",""중국"",""중국"",""중국"",""중국"",""중국"",""중국"",""중국"",""중국"",""중국"",""중국"",""중국"",""중국"",""중국"",""중국"",""중국"",""중국"",""중국"",""중국"",""중국"",""중국"",""중국"",""중국"",""중국"",""중국"",""중국"",""중국"",""중국"",""중국"",""중국"",""중국"",""중국"",""중국"",""중국"",""중국"",""중국"",""중국"",""중국"",""중국"",""중국"",""중국"",""중국"",""중국"",""중국"",""중국"",""중국"",""중국"",""중국"",""중국"",""중국"",""중국"",""중국"",""중국"",""중국"",""중국"",""중국"",""중국"",""중국"",""중국"",""중국"",""중국"",""중국"",""중국"",""중국"",""중국"",""중국"",""중국"",""중국"",""중국"",""중국"",""중국"",""중국"",""중국"",""중국"",""중국"",""중국"",""중국"",""중국"",""중국"",""중국"",""중국"",""중국"",""중국"",""중국"",""중국"",""중국"",""중국"",""중국"",""중국"",""중국"",""중국"",""중국"",""중국"",""중국"",""중국"",""중국"",""중국"",""중국"",""중국"",""중국"",""중국"",""중국"",""중국"",""중국"",""중국"",""중국"",""중국"",""중국"",""중국"",""중국"",""중국"",""중국"",""중국"",""중국"",""중국"",""중국"",""중국"",""중국"",""중국"",""중국"",""중국"",""중국"",""중국"",""중국"",""중국"",""중국"",""중국"",""중국"",""중국"",""중국"",""중국"",""중국"",""중국"",""중국"",""중국"",""중국"",""중국"",""중국"",""중국"",""중국"",""중국"",""중국"",""중국"",""중국"",""중국"",""중국"",""중국"",""중국"",""중국"",""중국"",""중국"",""중국"",""중국"",""중국"",""중국"",""중국"",""중국"",""중국"",""중국"",""중국"",""중국"",""중국"",""중국"",""중국"",""중국"",""중국"",""중국"",""중국"",""중국"",""중국"",""중국"",""중국"",""중국"",""중국"",""중국"",""중국"",""중국"",""중국"",""중국"",""중국"",""중국"",""중국"",""중국"",""중국"",""중국"",""중국"",""중국"",""중국"",""중국"",""중국"",""중국"",""중국"",""중국"",""중국"",""중국"",""중국"",""중국"",""중국"",""중국"",""중국"",""중국"",""중국"",""중국"",""중국"",""중국"",""중국"",""중국"",""중국"",""중국"",""중국"",""중국"",""중국"",""중국"",""중국"",""중국"",""중국"",""중국"",""중국"",""중국"",""중국"",""중국"",""중국"",""중국"",""중국"",""중국"",""중국"",""중국"",""중국"",""중국"",""중국"",""중국"",""중국"",""중국"",""중국"",""중국"",""중국"",""중국"",""중국"",""중국"",""중국"",""중국"",""중국"",""중국"",""중국"",""중국"",""중국"",""중국"",""중국"",""중국"",""중국"",""중국"",""중국"",""중국"",""중국"",""중국"",""중국"",""중국"",""중국"",""중국"",""중국"",""중국"",""중국"",""중국"",""중국"",""중국"",""중국"",""중국"",""중국"",""중국"",""중국"",""중국"",""중국"",""중국"",""중국"",""중국"",""중국"",""중국"",""중국"",""중국"",""중국"",""중국"",""중국"",""중국"",""중국"",""중국"",""중국"",""중국"",""중국"",""중국"",""중국"",""중국"",""중국"",""중국"",""중국"",""중국"",""중국"",""중국"",""중국"",""중국"",""중국"",""중국"",""중국"",""중국"",""중국"",""중국"",""중국"",""중국"",""중국"",""중국"",""중국"",""중국"",""중국"",""중국"",""중국"",""중국"",""중국"",""중국"",""중국"",""중국"",""중국"",""중국"",""중국"",""중국"",""중국"",""중국"",""중국"",""중국"",""중국"",""중국"",""중국"",""중국"",""중국"",""중국"",""중국"",""중국"",""중국"",""중국"",""중국"",""중국"",""중국"",""중국"",""중국"",""중국"",""중국"",""중국"",""중국"",""중국"",""중국"",""중국"",""중국"",""중국"",""중국"",""중국"",""중국"",""중국"",""중국"",""중국"",""중국"",""중국"",""중국"",""중국"",""중국"",""중국"",""중국"",""중국"",""중국"",""중국"",""중국"",""중국"",""중국"",""중국"",""중국"",""중국"",""중국"",""중국"",""중국"",""중국"",""중국"",""중국"",""중국"",""중국"",""중국"",""중국"",""중국"",""중국"",""중국"",""중국"",""중국"",""중국"",""중국"",""중국"",""중국"",""중국"",""중국"",""중국"",""중국"",""중국"",""중국"",""중국"",""중국"",""중국"",""중국"",""중국"",""중국"",""중국"",""중국"",""중국"",""중국"",""중국"",""중국"",""중국"",""중국"",""중국"",""중국"",""중국"",""중국"",""중국"",""중국"",""중국"",""중국"",""중국"",""중국"",""중국"",""중국"",""중국"",""중국"",""중국"",""중국"",""중국"",""중국"",""중국"",""중국"",""중국"",""중국"",""중국"",""중국"",""중국"",""중국"",""중국"",""중국"",""중국"",""중국"",""중국"",""중국"",""중국"",""중국"",""중국"",""중국"",""중국"",""중국"",""중국"",""중국"",""중국"",""중국"",""중국"",""중국"",""중국"",""중국"",""중국"",""중국"",""중국"",""중국"",""중국"",""중국"",""중국"",""중국"",""중국"",""중국"",""중국"",""중국"",""중국"",""중국"",""중국"",""중국"",""중국"",""중국"",""중국"",""중국"",""중국"",""중국"",""중국"",""중국"",""중국"",""중국"",""중국"",""중국"",""중국"",""중국"",""중국"",""중국"",""중국"",""중국"",""중국"",""중국"",""중국"",""중국"",""중국"",""중국"",""중국"",""중국"",""중국"",""중국"",""중국"",""중국"",""중국"",""중국"",""중국"",""중국"",""중국"",""중국"",""중국"",""중국"",""중국"",""중국"",""중국"",""중국"",""중국"",""중국"",""중국"",""중국"",""중국"",""중국"",""중국"",""중국"",""중국"",""중국"",""중국"",""중국"",""중국"",""중국"",""중국"",""중국"",""중국"",""중국"",""중국"",""중국"",""중국"",""중국"",""중국"",""중국"",""중국"",""중국"",""중국"",""중국"",""중국"",""중국"",""중국"",""중국"",""중국"",""중국"",""중국"",""중국"",""중국"",""중국"",""중국"",""중국"",""중국"",""중국"",""중국"",""중국"",""중국"",""중국"",""중국"",""중국"",""중국"",""중국"",""중국"",""중국"",""중국"",""중국"",""중국"",""중국"",""중국"",""중국"",""중국"",""중국"",""중국"",""중국"",""중국"",""중국"",""중국"",""중국"",""중국"",""중국"",""중국"",""중국"",""중국"",""중국"",""중국"",""중국"",""중국"",""중국"",""중국"",""중국"",""중국"",""중국"",""중국"",""중국"",""중국"",""중국"",""중국"",""중국"",""중국"",""중국"",""중국"",""중국"",""중국"",""중국"",""중국"",""중국"",""중국"",""중국"",""중국"",""중국"",""중국"",""중국"",""중국"",""중국"",""중국"",""중국"",""중국"",""중국"",""중국"",""중국"",""중국"",""중국"",""중국"",""중국"",""중국"",""중국"",""중국"",""중국"",""중국"",""중국"",""중국"",""중국"",""중국"",""중국"",""중국"",""중국"",""중국"",""중국"",""중국"",""중국"",""중국"",""중국"",""중국"",""중국"",""중국"",""중국"",""중국"",""중국"",""중국"",""중국"",""중국"",""중국"",""중국"",""중국"",""중국"",""중국"",""중국"",""중국"",""중국"",""중국"",""중국"",""중국"",""중국"",""중국"",""중국"",""중국"",""중국"",""중국"",""중국"",""중국"",""중국"",""중국"",""중국"",""중국"",""중국"",""중국"",""중국"",""중국"",""중국"",""중국"",""중국"",""중국"",""중국"",""중국"",""중국"",""중국"",""중국"",""중국"",""중국"",""중국"",""중국"",""중국"",""중국"",""중국"",""중국"",""중국"",""중국"",""중국"",""중국"",""중국"",""중국"",""중국"",""중국"",""중국"",""중국"",""중국"",""중국"",""중국"",""중국"",""중국"",""중국"",""중국"",""중국"",""중국"",""중국"",""중국"",""중국"",""중국"",""중국"",""중국"",""중국"",""중국"",""중국"",""중국"",""중국"",""중국"",""중국"",""중국"",""중국"",""중국"",""중국"",""중국"",""중국"",""중국"",""중국"",""중국"",""중국"",""중국"",""중국"",""중국"",""중국"",""중국"",""중국"",""중국"",""중국"",""중국"",""중국"",""중국"",""중국"",""중국"",""중국"",""중국"",""중국"",""중국"",""중국"",""중국"",""중국"",""중국"",""중국"",""중국"",""중국"",""중국"",""중국"",""중국"",""중국"",""중국"",""중국"",""중국"",""중국"",""중국"",""중국"",""중국"",""중국"",""중국"",""중국"",""중국"",""중국"",""중국"",""중국"",""중국"",""중국"",""중국"",""중국"",""중국"",""중국"",""중국"",""중국"",""중국"",""중국"",""중국"",""중국"",""중국"",""중국"",""중국"",""중국"",""중국"",""중국"",""중국"",""중국"",""중국"",""중국"",""중국"",""중국"",""중국"",""중국"",""중국"",""중국"",""중국"",""중국"",""중국"",""중국"",""중국"",""중국"",""중국"",""중국"",""중국"",""중국"",""중국"",""중국"",""중국"",""중국"",""중국"",""중국"",""중국"",""중국"",""중국"",""중국"",""중국"",""중국"",""중국"",""중국"",""중국"",""중국"",""중국"",""중국"",""중국"",""중국"",""중국"",""중국"",""중국"",""중국"",""중국"",""중국"",""중국"",""중국"",""중국"",""중국"",""중국"",""중국"",""중국"",""중국"",""중국"",""중국"",""중국"",""중국"",""중국"",""중국"",""중국"",""중국"",""중국"",""중국"",""중국"",""중국"",""중국"",""중국"",""중국"",""중국"",""중국"",""중국"",""중국"",""중국"",""중국"",""중국"",""중국"",""중국"",""중국"",""중국"",""중국"",""중국"",""중국"",""중국"",""중국"",""중국"",""중국"",""중국"",""중국"",""중국"",""중국"",""중국"",""중국"",""중국"",""중국"",""중국"",""중국"",""중국"",""중국"",""중국"",""중국"",""중국"",""중국"",""중국"",""중국"",""중국"",""중국"",""중국"",""중국"",""중국"",""중국"",""중국"",""중국"",""중국"",""중국"",""중국"",""중국"",""중국"",""중국"",""중국"",""중국"",""중국"",""중국"",""중국"",""중국"",""중국"",""중국"",""중국"",""중국"",""중국"",""중국"",""중국"",""중국"",""중국"",""중국"",""중국"",""중국"",""중국"",""중국"",""중국"",""중국"",""중국"",""중국"",""중국"",""중국"",""중국"",""중국"",""중국"",""중국"",""중국"",""중국"",""중국"",""중국"",""중국"",""중국"",""중국"",""중국"",""중국"",""중국"",""중국"",""중국"",""중국"",""중국"",""중국"",""중국"",""중국"",""중국"",""중국"",""중국"",""중국"",""중국"",""중국"",""중국"",""중국"",""중국"",""중국"",""중국"",""중국"",""중국"",""중국"",""중국"",""중국"",""중국"",""중국"",""중국"",""중국"",""중국"",""중국"",""중국"",""중국"",""중국"",""중국"",""중국"",""중국"",""중국"",""중국"",""중국"",""중국"",""중국"",""중국"",""중국"",""중국"",""중수"",""중수"",""중수"",""중수"",""중수"",""중수"",""중수"",""중수"",""중수"",""중수"",""중수"",""중수"",""중수"",""중수"",""중수"",""중수"",""중수"",""중수"",""중수"",""중수"",""중수"",""중수..."",""지금..."",""지정..."",""지정..."",""지수..."",""지수..."",""지수...………………………………………………………………………………수………수……수……수……수……수……신………수……수……수……수……수……수……수……수……수……수……수…이……………………………………………수………수……수…수……수…수…………………………………………………………………………………"
ECyCpkeP9ig,399,timed out,"{""summary"":""The video argues that a successful martial law would empower Kim Eun‑hee’s relatives and create opportunities for Deep Seek, while rallying support for Kim Eojun and the Democratic Party."",""emotional_tone"":8,""key_entities"":[""Kim Eojun"",""Kim Eun‑hee"",""Lee Jae‑myung"",""Yoon Seok‑ryeol"",""Kim Hyun‑jong"",""Park Tae‑woong"",""Park Dae‑woong"",""OPQR"",""Seoul's Voice"",""Deep Seek"",""Kim Eun‑hee's aunts""],""context_bridge"":""The video presents a hypothetical scenario in which martial law succeeds, suggesting that this would elevate Kim Eun‑hee’s relatives and open avenues for Deep Seek, thereby strengthening Kim Eojun’s political influence and the Democratic Party’s position. The comments overwhelmingly express partisan support, praising the host, journalists, and the platform, while voicing anger toward opposition figures such as Yoon Seok‑ryeol. The narrative frames the debate as a struggle for democratic values, positioning the host and journalists as champions of transparency and accountability. The emotional tone is highly supportive and enthusiastic, with occasional frustration at opposition, reflecting a strong sense of community and solidarity among supporters who frequently thank the platform and call for continued engagement.""}"
ai0X3BqenpI,415,timed out,"{""summary"":""The episode claims the prosecutor system is corrupt—using the 50 billion‑won scandal as evidence—and urges viewers to back Lee Jae‑myung and Kim Eojun as reformers who can bring a clean, democratic government."",""emotional_tone"":9,""key_entities"":[""Kim Eojun"",""Lee Jae‑myung"",""Jeong Se‑hyun"",""Han Dong‑hoon"",""Gwak Sang‑do"",""Cho Kuk"",""Jeong Bong‑ju"",""정세현 장관"",""정세현 전장관"",""정세현 선생""],""context_bridge"":""The video presents a narrative that the current prosecutor system is corrupt, citing the 50 billion‑won scandal as proof. It frames Lee Jae‑myung and Kim Eojun as the only viable reformers, calls for public support for them, and advocates for constitutional amendments to prevent prosecutors from entering politics, thereby aiming to establish a cleaner, more democratic governance structure.""}"
wFxeUBmy4yk,417,"Expecting ',' delimiter: line 1 column 909 (char 908)","{""summary"":""The video portrays the current South Korean political landscape as deeply corrupt and demands swift impeachment of key figures while rallying support for certain politicians, framing the struggle as a battle between a corrupt establishment and a hopeful reformist movement."",""emotional_tone"":9,""key_entities"":[""김어준"",""한동훈"",""우원식"",""윤석열"",""이재명"",""정청래"",""김건희"",""박주민"",""김병주"",""트럼프"",""삼부"",""국힘당"",""민주당""],""context_bridge"":""The video’s logic follows a three‑step narrative: (1) it accuses prominent right‑wing figures (e.g., 한동훈, 윤석열, 김건희) of corruption and calls for their impeachment; (2) it praises left‑leaning or reformist politicians (e.g., 김어준, 이재명, 정청래, 박주민) as saviors of democracy; (3) it urges the public to support these reformists and to push for systemic changes such as media reform and special investigations, framing the debate as a moral choice between a corrupt status‑quo and a hopeful future."")"
IghcYKSGZNA,424,timed out,"{""summary"":""The video portrays Lee Jae‑myung as a victim of political persecution and urges viewers to support his continued fasting and fight against the prosecution, positioning Kim Eo‑jun as a champion of his cause."",""emotional_tone"":9,""key_entities"":[""Kim Eo‑jun"",""Lee Jae‑myung"",""Jeon Hyeon‑hee"",""Democratic Party (민주당)"",""National Human Rights Commission (인권위원회)"",""Public Procurement Service (공수처)"",""Prosecutors (검사)"",""President Yoon Suk‑yeol (윤석열)"",""Park Gwang‑on (박광온)"",""Park Tae‑woong (박태웅)"",""Korean people (국민)"",""Korea (한국)""],""context_bridge"":""The video frames Lee Jae‑myung’s fasting as a political protest against a corrupt prosecution system, positioning Kim Eo‑jun as a media ally who amplifies the narrative of injustice. It presents a binary conflict between the Democratic Party’s fight for democratic values and the ruling party’s alleged misuse of power, urging viewers to support Lee’s cause and criticize the prosecutors. The comments reinforce this narrative with strong emotional support, calling for Lee’s health, urging him to continue fasting, and praising the host and Jeon Hyeon‑hee as defenders of democracy.""}"
JWtGDIxNRso,461,timed out,"{""summary"":""국민의힘이 비상계엄 사과를 릴레이하며 현역 지자체장까지 참여, 정치적 책임과 사과를 강조한다."",""emotional_tone"":9,""key_entities"":[""장동혁"",""한동훈"",""윤석열"",""권영진"",""오세훈"",""국민의힘"",""민주당"",""계엄""],""context_bridge"":""영상은 국민의힘이 비상계엄에 대한 사과를 릴레이 형태로 진행하며 현역 지자체장까지 참여시켜 정치적 책임을 강조한다. 댓글은 극단적 분노와 지지, 조롱이 뒤섞인 형태로, 일부는 장동혁·한동훈 등 특정 인물에 대한 지지를 표명하고, 다른 일부는 비상계엄의 부당함과 정치적 책임을 요구하며, 전반적으로 감정적 휘발성이 매우 높다. 이 논리 구조는 사과를 통한 신뢰 회복을 주장하면서도, 댓글에서 나타난 반대와 지지의 극단적 반응이 정치적 갈등을 부각시키는 형태이다.""}"
1HIBmRkPAe0,547,Unterminated string starting at: line 1 column 304 (char 303),"{""summary"":""The video accuses 신동욱 of incompetence and treason, portraying him as a traitorous politician who is being publicly shamed and beaten by opposition figures 최혁진 and 박균택."",""emotional_tone"":9,""key_entities"":[""신동욱"",""최혁진"",""박균택"",""국짐당"",""민주당"",""나경원"",""추경호"",""내란당"",""법사위"",""특검"",""고소"",""국회""],""context_bridge"":""The clip frames 신동욱 as an incompetent, traitorous member of the National Assembly, labeling him a ‘내란공범’ (insurrection accomplice) and calling for legal action such as a special prosecutor (특검) and lawsuit (고소). It juxtaposes him with opposition leaders 최혁진 and 박균택, suggesting they are publicly humiliating him. The surrounding comments echo this narrative, expressing intense anger, demanding his removal, praising the opposition figures, and urging legal accountability. The political backdrop involves a clash between opposition parties (민주당, 국짐당) and the national legislature, with accusations of treason and calls for institutional reform.”}"
DRAm2x_CuzI,619,timed out,"{""summary"":""The video argues that Somalia’s collapse into a failed state was caused by clan fragmentation, piracy, militia rule, and foreign interference, using humor to highlight the tragedy."",""emotional_tone"":8,""key_entities"":[""Somalia"",""North Korea"",""Islamic State"",""Al Qaeda"",""Somali government"",""Somali militia"",""Somali pirates"",""Somaliland"",""Ethiopia"",""Eritrea"",""United Kingdom"",""Italy"",""Libya"",""United States"",""Korea"",""3수자"",""지식해적단"",""침투부"",""침수자"",""노노그램"",""보츠와나""],""context_bridge"":""The video constructs a causal chain: colonial legacy and clan-based politics weaken state institutions, leading to the rise of piracy and militia rule. Foreign interventions (US, UK, etc.) further fragment authority, resulting in Somalia’s status as a failed state. The narrative is framed with comedic elements—such as a North Korea comparison—to underscore the tragedy, while comments reflect high frustration, sarcasm, and support for the channel and its broader discussion of failed states.""}"
BgjMcdU6jLk,632,timed out,"{""summary"":""The video argues that humans uniquely perceive red because of trichromatic vision, and that this biological sensitivity has historically made red a powerful symbol in politics, culture, and art."",""emotional_tone"":7,""key_entities"":[""Stalin"",""Red Army"",""Soviet Union"",""Communist Party"",""Joseon King""],""context_bridge"":""The video first explains the optical and neurological basis for human red‑color vision, contrasting it with other species’ photoreceptor systems. It then traces red’s symbolic journey—from ancient associations with blood, life, and death to its adoption as a revolutionary and national emblem in various cultures. By linking the biological visibility of red to its emotional resonance, the video shows how this color became a potent political symbol, especially in communist and revolutionary contexts, and how it continues to influence modern flags, flags, and visual rhetoric.""}"
qs9woVE10x0,732,timed out,"{""summary"":""영상은 김현지와 김남국을 ‘손절’하고 특검·국정농단을 요구하며 그들을 부정적으로 비판한다."",""emotional_tone"":9,""key_entities"":[""김현지"",""김남국"",""고성국TV"",""특검"",""국정농단""],""context_bridge"":""영상은 김현지와 김남국이 부정·부패에 연루된 인물로 묘사하며, ‘특검’과 ‘국정농단’이라는 키워드를 통해 그들의 행위를 비난한다. 댓글에서는 ‘유탄’이라는 은유를 사용해 그들을 공격하고, ‘특검’·‘국정농단’ 요구를 반복하며 분노와 조롱이 극대화된 토론 구조를 보인다.""}"
buMVSw_E9U8,790,Unterminated string starting at: line 1 column 383 (char 382),"{""summary"":""The video claims that Jo Se‑ho’s close friend is a gangster, using this allegation to suggest a wider corruption network involving the prosecutor’s office, judiciary, and media, and urging a withdrawal or ‘줄하차’ from the current system."",""emotional_tone"":9,""key_entities"":[""조세호"",""조희대"",""쿠팡"",""검찰"",""사법부"",""언론"",""윤석열"",""김건희"",""내란"",""검찰 캐비넷"",""줄하차"",""조세호 친구"",""내란당""],""context_bridge"":""The video frames a personal allegation—Jo Se‑ho’s friend being a gangster—as evidence of systemic corruption that extends to the prosecutor’s office, judiciary, and media. It then calls for a ‘줄하차’ (withdrawal or cut‑off) from the current system, implying complicity by President Yoon Se‑kyul and his wife. The comments reinforce this narrative by demanding judicial and media reform, accusing the prosecutor’s office of cover‑ups, and linking the issue to a broader ‘내란’ (internal rebellion) movement. The logical structure follows: personal allegation → systemic corruption claim → call for reform and withdrawal.”}"
WtT3J30VM6s,820,Unterminated string starting at: line 1 column 177 (char 176),"{""summary"":""조세호가 ‘조폭 친분설’에 대해 ‘거짓’이라고 반박하며, 자신과 범죄 조직과의 관계가 없음을 주장한다."",""emotional_tone"":9,""key_entities"":[""조세호"",""YTN"",""박나래"",""전현무"",""유재석"",""김구라"",""조진웅"",""조씨"",""조폭""],""context_bridge"":""영상은 조세호가 ‘조폭 친분설’에 대한 보도를 반박하며, 자신이 범죄 조직과의 관계가 없음을 강조한다. 반면 댓글에서는 ‘조세호’와 ‘조폭’ 간의 인맥을 의심하고, 다른 연예인(박나래, 전현무, 유재석 등)과의 관계를 비판하며, 보도와 반박 사이에서 극단적 감정이 분출한다. 이 논리 구조는 언론 보도와 연예인 신뢰성, 그리고 대중의 감정적 반응이 얽힌 정치적·사회적 맥락을 반영한다."
5daCQguOwxE,826,timed out,"{""summary"":""The video alleges that actress Park Na‑rae may be legally entangled over alleged illegal drug prescriptions and injections, sparking public outrage and demands for investigation."",""emotional_tone"":9,""key_entities"":[""박나래"",""주사이모"",""조희대"",""조세호"",""조진웅"",""YTN"",""Supreme Court"",""National Security Law""],""context_bridge"":""The clip frames Park Na‑rae’s alleged use of a ‘injection aunt’ to obtain illicit prescriptions and injections as a violation of medical and drug laws.  Viewers interpret this as a broader scandal of celebrity misconduct, prompting intense anger, calls for legal action, and political references to the National Security Law and Supreme Court.  The narrative links the personal allegations to systemic concerns about accountability and regulatory enforcement in the entertainment industry.""}"
xKu1GuvwuIs,859,timed out,"{""summary"":""한국이 초음파 기반의 비약물 치매 치료법을 선보이며, 저비용·비침습·집에서도 사용 가능한 솔루션으로 치매 예방·치료를 가능케 한다는 주장을 전한다."",""emotional_tone"":7,""key_entities"":[""YTN"",""빅파마"",""FDA"",""삼성"",""중국"",""한국""],""context_bridge"":""영상은 초음파를 이용해 뇌의 아밀로이드 플라크를 청소하는 비약물 치매 치료법을 소개한다. 기존의 고비용·부작용이 큰 약물 치료와 대비해, 저비용·비침습·집에서도 가능하다는 장점을 강조하며, 한국의 기술력과 시장 잠재력을 부각한다. 시청자에게는 조기 사용의 필요성과 치료비·기계 가격에 대한 우려를 동시에 제시하며, ‘빅파마’와 ‘FDA’ 같은 외부 규제 기관과의 관계를 언급해 정치·경제적 맥락을 드러낸다.""}"
6K3-Qv9OAsg,1011,Unterminated string starting at: line 1 column 310 (char 309),"{""summary"":""The video claims that Lee Jae‑myung’s administration is in a direct confrontation with the Unification Church, portraying it as a clash between two powerful forces."",""emotional_tone"":8,""key_entities"":[""Lee Jae‑myung"",""Unification Church"",""Kim Dae‑jung"",""Kim Hyun‑ji"",""정진상"",""김부선""],""context_bridge"":""The video frames the issue as a political showdown: the Lee Jae‑myung government allegedly targets the Unification Church for alleged corruption, political influence, and ties to North Korea. It presents a narrative of the administration’s aggressive actions—such as appointing church affiliates to key positions and launching investigations—while portraying the church as a powerful, cult‑like entity. The comments echo this polarized framing, with some accusing the government of overreach and conspiratorial motives, and others defending the church and criticizing the administration. The logic hinges on allegations of money laundering, political appointments, and alleged North‑Korean connections, positioning the conflict as a battle between democratic governance and a powerful religious organization.”}"
9TvYN7DQ4SQ,1023,timed out,"{""summary"":""The video urges Judge Ji Gwi‑yeon to deliver a fair and correct judgment in the trial involving witness Kim Yong‑hyun."",""emotional_tone"":9,""key_entities"":[""Kim Yong‑hyun"",""Ji Gwi‑yeon"",""Yoon Suk‑yeol"",""Kim Byung‑ju"",""Democratic Party (민주당)"",""Communist Party (공산당)""],""context_bridge"":""The clip frames the judge’s plea as a call for impartiality amid a politically charged trial of a military witness.  Commenters split into two camps: one lauds the judge and the military, framing the case as a defense of national security and a test of loyalty, while the other accuses the judiciary of bias, links the issue to emergency martial law and broader partisan struggles, and demands a fair verdict.  This creates a narrative loop where the judge’s statement is used to rally support for the military, and the comments amplify partisan tensions around the judiciary, national sovereignty, and the legitimacy of emergency measures.""}"
qemSYO6Jvog,1028,timed out,"{""summary"":""Video alleges China has built 16 structures in the West Sea as part of gray‑zone tactics, sparking public outrage over perceived Korean government inaction."",""emotional_tone"":9,""key_entities"":[""정부"",""중국"",""이재명"",""정치권""],""context_bridge"":""The clip frames China’s construction of 16 structures in the West Sea as a covert gray‑zone strategy, positioning it as an aggressive move. Viewers interpret this as evidence of Chinese encroachment and criticize the Korean government for perceived inaction or collusion. The comments trace a logical chain: Chinese aggression → government failure → public anger → calls for retaliation or policy change, often invoking political figures such as Lee Jae‑myung and labeling political elites as spies.""}"
ovVn_0gT4K4,1047,timed out,"{""summary"":""Japan has issued its first late earthquake warning, citing a worst‑case death toll of 200,000, to alarm viewers."",""emotional_tone"":9,""key_entities"":[""Japan"",""Channel A""],""context_bridge"":""The video frames Japan’s new late earthquake warning as a severe threat, using the dramatic figure of 200,000 potential deaths to emphasize urgency and to highlight Japan’s disaster‑preparedness policies, thereby framing the issue within the broader Korea‑Japan political context and generating high emotional volatility.""}"
IxvIPYkzTo8,1121,timed out,"{""summary"":""The video shows President Lee Jae‑myung reacting to Kim Hyun‑ji, implying a supportive stance toward her role as a public official, while the comments largely criticize Kim Hyun‑ji as a spy and question her legitimacy."",""emotional_tone"":9,""key_entities"":[""Kim Hyun‑ji"",""Lee Jae‑myung"",""Kim Hye‑ji"",""Kim Kwan‑hee"",""Kim Nam‑uk"",""Woo Sang‑ho"",""Kim Byung‑gi"",""Moon Jin‑seok"",""Jo Hee‑dae"",""Jo Jin‑woong"",""Korean Democratic Party"",""Korean Conservative Party""],""context_bridge"":""The video presents a brief clip of President Lee Jae‑myung reacting to Kim Hyun‑ji, suggesting endorsement of her public‑service role. The surrounding comments reveal a highly polarized political climate: supporters of the opposition criticize Kim Hyun‑ji as a spy and question her legitimacy, while some defend her. This reflects broader tensions between the ruling Democratic Party and opposition parties, with accusations of political manipulation and espionage fueling emotional volatility.""}"
-foEYRkDdYc,1180,timed out,"{""summary"":""The video accuses Seoul mayor 오세훈 of neglecting snow‑removal duties and being abroad during a severe snowstorm, implying he failed to protect citizens’ basic needs."",""emotional_tone"":9,""key_entities"":[""오세훈"",""서울시장"",""국힘"",""한강버스"",""오세이돈""],""context_bridge"":""The argument centers on the mayor’s perceived inaction during a snow disaster, framing it as a failure of public duty and a political indictment of both the elected official and his supporters. Comments amplify this narrative with anger, sarcasm, and calls for accountability, linking the issue to the ruling party (국힘) and broader expectations of municipal governance.""}"
569ppsEvaw8,1206,timed out,"{""summary"":""The video accuses the Constitutional Court Committee of failing to pass the Constitutional Court law and instead approving a lower‑level public law, thereby stalling judicial reform."",""emotional_tone"":9,""key_entities"":[""김용민"",""추미애"",""정청래"",""김병기"",""김변기"",""민주당"",""국회"",""헌법재판소""],""context_bridge"":""The clip frames the Constitutional Court Committee’s handling of the Constitutional Court law as a dereliction of duty, arguing that the committee’s failure to enact the law and its decision to pass a lesser public law represent a deliberate delay in judicial reform.  Commenters echo this narrative, expressing intense frustration at the perceived inertia, urging swift passage of the law, and demanding the establishment of a ‘civil‑war court’ (내란재판소) to curb perceived abuses.  The political backdrop is the Democratic Party’s internal debate over judicial reform, with key figures such as 김용민, 추미애, 정청래, 김병기, and 김변기 cited as central actors.  The emotional tenor is highly charged—anger, urgency, and fervent support dominate the discourse, reflecting a volatile public sentiment toward the committee’s performance and the broader reform agenda.""}"
lQNAFbsuUMA,1240,timed out,"{""summary"":""The video portrays Kim Eo‑jun’s news factory as the heroic force that, with the help of politicians, broadcasters and ordinary citizens, successfully defended the Korean parliament against a coup attempt on December 3, 2025, and urges viewers to recognize and support this democratic triumph."",""emotional_tone"":9,""key_entities"":[""김어준"",""안귀령"",""박구용"",""이재석"",""주진우"",""홍사훈"",""최민석"",""최서영"",""김희정"",""우혜경"",""강영수"",""박무"",""배경환"",""이재명"",""추경호"",""조희대"",""지귀연"",""영장판사"",""이정재"",""정재욱"",""박정호"",""남세진"",""국회"",""내란"",""계엄"",""민주당"",""조국혁신당"",""영화공장(란 123)""],""context_bridge"":""The video constructs a narrative that frames the December 3 event as a decisive defense of democracy: it begins by presenting the coup threat (내란, 계엄), then highlights the coordinated response of Kim Eo‑jun’s news factory, key politicians, and citizen volunteers, showcasing their courage and unity. It culminates in a call for gratitude and continued support, positioning the audience as active participants in safeguarding democratic values.""}"
BtmDYY8osmA,1244,timed out,"{""summary"":""The video claims that the current government owes its legitimacy to the citizens who ran to the National Assembly during the 12.3 internal rebellion, and it celebrates their courage through the show ‘겸공’ as a tribute to that historic act."",""emotional_tone"":8,""key_entities"":[""김어준"",""황인수"",""이호"",""락맨"",""정구승"",""박동규"",""이명세"",""박구용"",""홍사훈"",""홍상훈"",""홍기자"",""이재명"",""내란세력"",""계엄"",""국회"",""12.3"",""내란범"",""내란동조범""],""context_bridge"":""The video frames the 12.3 internal rebellion as the foundational act that enabled the current government, positioning the show ‘겸공’ as a tribute to the citizens who ran to the National Assembly during martial law. It emphasizes gratitude, calls for punishment of ‘내란세력’, and portrays the current administration as a product of citizen bravery, thereby linking historical events to contemporary politics.""}"
S6-8EgKhN34,1259,timed out,"{""summary"":""The video argues that after the Yi Jae‑myung trial, the next focus should be on judicial reform involving Kim Yong‑nam and Shin In‑kyu."",""emotional_tone"":9,""key_entities"":[""홍사훈쑈"",""이재명"",""김용남"",""신인규"",""조희대"",""지귀연"",""한성진"",""윤석열"",""김건희"",""국민의힘"",""민주당""],""context_bridge"":""The video presents a causal chain: the Yi Jae‑myung trial is the trigger, leading to a call for judicial reform centered on Kim Yong‑nam and Shin In‑kyu. It frames the judiciary as corrupt, demands impeachment of judges, and portrays the political struggle as a battle between reformist and conservative forces. The comments reinforce this narrative with intense anger, calls for impeachment, and demands for decisive action.""}"
zsiGRZ85Ad4,1277,timed out,"{""summary"":""The video reports that a court has decided to impose a 5‑day suspension on lawyer Kim Yong‑hyun for courtroom misconduct, sparking public debate over judicial leniency and reform."",""emotional_tone"":9,""key_entities"":[""김용현"",""법정소란"",""사법부"",""연합뉴스TV""],""context_bridge"":""The clip presents a court ruling that suspends lawyer Kim Yong‑hyun for five days due to courtroom misconduct. Viewers react with intense frustration and calls for harsher penalties, framing the incident as evidence of a need for judicial reform and stricter enforcement of professional conduct.""}"
z8EyMxyB0Mk,1332,timed out,"{""summary"":""The video alleges that serial killer Um Yeo‑in, who allegedly murdered numerous people—including family members—remains alive in prison after receiving a life sentence instead of the death penalty, and that the court’s decision is unjust."",""emotional_tone"":9,""key_entities"":[""Um Yeo‑in"",""Signal (TV show)"",""Kim Seon‑ja"",""이재명""],""context_bridge"":""The video presents a narrative that Um Yeo‑in is a serial killer who has committed multiple murders, including those of her own family, and that the court’s life‑sentence ruling is a failure of justice. Commenters react with intense anger, disgust, and disbelief, demanding a death penalty and comparing the case to other notorious Korean serial killers. The mention of political figure 이재명 introduces a political dimension, suggesting that the case may be used to critique broader political or judicial shortcomings. The overall emotional volatility is high, with commenters expressing outrage, contempt, and a call for harsher punishment.""}"
aRGBXKVX7PE,1377,timed out,"{""summary"":""The video claims that Supreme Court President Cho Hee‑dae has been indicted for the first time while in office, and that Lee Jae‑myung must be tried immediately, accusing the judiciary of corruption and demanding swift justice."",""emotional_tone"":9,""key_entities"":[""Cho Hee‑dae"",""Lee Jae‑myung"",""Kim Hyun‑ji"",""Jang Kyung‑tae"",""Joo Jin‑woong"",""Lee Ki‑in"",""Seo Joo‑wan"",""Reform New Party"",""Democratic Party""],""context_bridge"":""The video presents a narrative that the Supreme Court’s top official, Cho Hee‑dae, has been indicted while still in office, implying systemic judicial corruption. It then links this indictment to the alleged crimes of Lee Jae‑myung, calling for his immediate trial and arrest. The argument frames the situation as a democratic crisis, urging citizens to demand swift justice and to hold powerful politicians accountable. The comments reinforce this narrative with intense anger, calls for trial, and support for Cho, reflecting a highly charged political context.""}"
m6xEQsuF0NE,1409,timed out,"{""summary"":""The program critiques current political scandals—Cho Kuk’s controversy, the 12.3 incident, and the Coupang crisis—while urging swift judicial reform."",""emotional_tone"":8,""key_entities"":[""김종배"",""조국"",""김영진"",""우석진"",""김원장"",""김남국"",""MBC"",""쿠팡""],""context_bridge"":""The episode is structured as a series of segments, each tackling a high‑profile political controversy: a debate on former law minister Cho Kuk, a discussion on the 12.3 incident involving Kim Nam‑uk, and an analysis of the Coupang scandal. Throughout, the hosts emphasize the need for rapid judicial reform and criticize the political actors involved, framing the narrative as a call for accountability and systemic change.""}"
yjFUA7LcCxM,1410,timed out,"{""summary"":""The program critiques current political scandals—Cho Kuk’s controversy, the 12.3 incident, and the Coupang crisis—while urging swift judicial reform."",""emotional_tone"":8,""key_entities"":[""김종배"",""조국"",""김영진"",""우석진"",""김원장"",""김남국"",""MBC"",""쿠팡""],""context_bridge"":""The episode is structured as a series of segments, each tackling a high‑profile political controversy: a debate on former law minister Cho Kuk, a discussion on the 12.3 incident involving Kim Nam‑uk, and an analysis of the Coupang scandal. Throughout, the hosts emphasize the need for rapid judicial reform and criticize the political actors involved, framing the narrative as a call for accountability and systemic change.""}"
Z3_aNtvt5uM,1448,"Expecting ',' delimiter: line 1 column 6686 (char 6685)","{""summary"":""The video accuses several beauty brands—particularly Anua and Picam—of engaging in deceptive advertising and fraud, claims that regulatory bodies have failed to hold them accountable, and urges viewers to be vigilant and support investigative efforts."",""emotional_tone"":9,""key_entities"":[""Anua"",""Picam"",""Kim Ki‑soo"",""Rodiola"",""Resencial"",""Sangmyeong (Sangmyeong?)"",""Sangmyeong?"",""Sangmyeong?"",""Sangmyeong?"",""Sangmyeong?"",""Sangmyeong?"",""Sangmyeong?"",""Sangmyeong?"",""Sangmyeong?"",""Sangmyeong?"",""Sangmyeong?"",""Sangmyeong?"",""Sangmyeong?"",""Sangmyeong?"",""Sangmyeong?"",""Sangmyeong?"",""Sangmyeong?"",""Sangmyeong?"",""Sangmyeong?"",""Sangmyeong?"",""Sangmyeong?"",""Sangmyeong?"",""Sangmyeong?"",""Sangmyeong?"",""Sangmyeong?"",""Sangmyeong?"",""Sangmyeong?"",""Sangmyeong?"",""Sangmyeong?"",""Sangmyeong?"",""Sangmyeong?"",""Sangmyeong?"",""Sangmyeong?"",""Sangmyeong?"",""Sangmyeong?"",""Sangmyeong?"",""Sangmyeong?"",""Sangmyeong?"",""Sangmyeong?"",""Sangmyeong?"",""Sangmyeong?"",""Sangmyeong?"",""Sangmyeong?"",""Sangmyeong?"",""Sangmyeong?"",""Sangmyeong?"",""Sangmyeong?"",""Sangmyeong?"",""Sangmyeong?"",""Sangmyeong?"",""Sangmyeong?"",""Sangmyeong?"",""Sangmyeong?"",""Sangmyeong?"",""Sangmyeong?"",""Sangmyeong?"",""Sangmyeong?"",""Sangmyeong?"",""Sangmyeong?"",""Sangmyeong?"",""Sangmyeong?"",""Sangmyeong?"",""Sangmyeong?"",""Sangmyeong?"",""Sangmyeong?"",""Sangmyeong?"",""Sangmyeong?"",""Sangmyeong?"",""Sangmyeong?"",""Sangmyeong?"",""Sangmyeong?"",""Sangmyeong?"",""Sangmyeong?"",""Sangmyeong?"",""Sangmyeong?"",""Sangmyeong?"",""Sangmyeong?"",""Sangmyeong?"",""Sangmyeong?"",""Sangmyeong?"",""Sangmyeong?"",""Sangmyeong?"",""Sangmyeong?"",""Sangmyeong?"",""Sangmyeong?"",""Sangmyeong?"",""Sangmyeong?"",""Sangmyeong?"",""Sangmyeong?"",""Sangmyeong?"",""Sangmyeong?"",""Sangmyeong?"",""Sangmyeong?"",""Sangmyeong?"",""Sangmyeong?"",""Sangmyeong?"",""Sangmyeong?"",""Sangmyeong?"",""Sangmyeong?"",""Sangmyeong?"",""Sangmyeong?"",""Sangmyeong?"",""Sangmyeong?"",""Sangmyeong?"",""Sangmyeong?"",""Sangmyeong?"",""Sangmyeong?"",""Sangmyeong?"",""Sangmyeong?"",""Sangmyeong?"",""Sangmyeong?"",""Sangmyeong?"",""Sangmyeong?"",""Sangmyeong?"",""Sangmyeong?"",""Sangmyeong?"",""Sangmyeong?"",""Sangmyeong?"",""Sangmyeong?"",""Sangmyeong?"",""Sangmyeong?"",""Sangmyeong?"",""Sangmyeong?"",""Sangmyeong?"",""Sangmyeong?"",""Sangmyeong?"",""Sangmyeong?"",""Sangmyeong?"",""Sangmyeong?"",""Sangmyeong?"",""Sangmyeong?"",""Sangmyeong?"",""Sangmyeong?"",""Sangmyeong?"",""Sangmyeong?"",""Sangmyeong?"",""Sangmyeong?"",""Sangmyeong?"",""Sangmyeong?"",""Sangmyeong?"",""Sangmyeong?"",""Sangmyeong?"",""Sangmyeong?"",""Sangmyeong?"",""Sangmyeong?"",""Sangmyeong?"",""Sangmyeong?"",""Sangmyeong?"",""Sangmyeong?"",""Sangmyeong?"",""Sangmyeong?"",""Sangmyeong?"",""Sangmyeong?"",""Sangmyeong?"",""Sangmyeong?"",""Sangmyeong?"",""Sangmyeong?"",""Sangmyeong?"",""Sangmyeong?"",""Sangmyeong?"",""Sangmyeong?"",""Sangmyeong?"",""Sangmyeong?"",""Sangmyeong?"",""Sangmyeong?"",""Sangmyeong?"",""Sangmyeong?"",""Sangmyeong?"",""Sangmyeong?"",""Sangmyeong?"",""Sangmyeong?"",""Sangmyeong?"",""Sangmyeong?"",""Sangmyeong?"",""Sangmyeong?"",""Sangmyeong?"",""Sangmyeong?"",""Sangmyeong?"",""Sangmyeong?"",""Sangmyeong?"",""Sangmyeong?"",""Sangmyeong?"",""Sangmyeong?"",""Sangmyeong?"",""Sangmyeong?"",""Sangmyeong?"",""Sangmyeong?"",""Sangmyeong?"",""Sangmyeong?"",""Sangmyeong?"",""Sangmyeong?"",""Sangmyeong?"",""Sangmyeong?"",""Sangmyeong?"",""Sangmyeong?"",""Sangmyeong?"",""Sangmyeong?"",""Sangmyeong?"",""Sangmyeong?"",""Sangmyeong?"",""Sangmyeong?"",""Sangmyeong?"",""Sangmyeong?"",""Sangmyeong?"",""Sangmyeong?"",""Sangmyeong?"",""Sangmyeong?"",""Sangmyeong?"",""Sangmyeong?"",""Sangmyeong?"",""Sangmyeong?"",""Sangmyeong?"",""Sangmyeong?"",""Sangmyeong?"",""Sangmyeong?"",""Sangmyeong?"",""Sangmyeong?"",""Sangmyeong?"",""Sangmyeong?"",""Sangmyeong?"",""Sangmyeong?"",""Sangmyeong?"",""Sangmyeong?"",""Sangmyeong?"",""Sangmyeong?"",""Sangmyeong?"",""Sangmyeong?"",""Sangmyeong?"",""Sangmyeong?"",""Sangmyeong?"",""Sangmyeong?"",""Sangmyeong?"",""Sangmyeong?"",""Sangmyeong?"",""Sangmyeong?"",""Sangmyeong?"",""Sangmyeong?"",""Sangmyeong?"",""Sangmyeong?"",""Sangmyeong?"",""Sangmyeong?"",""Sangmyeong?"",""Sangmyeong?"",""Sangmyeong?"",""Sangmyeong?"",""Sangmyeong?"",""Sangmyeong?"",""Sangmyeong?"",""Sangmyeong?"",""Sangmyeong?"",""Sangmyeong?"",""Sangmyeong?"",""Sangmyeong?"",""Sangmyeong?"",""Sangmyeong?"",""Sangmyeong?"",""Sangmyeong?"",""Sangmyeong?"",""Sangmyeong?"",""Sangmyeong?"",""Sangmyeong?"",""Sangmyeong?"",""Sangmyeong?"",""Sangmyeong?"",""Sangmyeong?"",""Sangmyeong?"",""Sangmyeong?"",""Sangmyeong?"",""Sangmyeong?"",""Sangmyeong?"",""Sangmyeong?"",""Sangmyeong?"",""Sangmyeong?"",""Sangmyeong?"",""Sangmyeong?"",""Sangmyeong?"",""Sangmyeong?"",""Sangmyeong?"",""Sangmyeong?"",""Sangmyeong?"",""Sangmyeong?"",""Sangmyeong?"",""Sangmyeong?"",""Sangmyeong?"",""Sangmyeong?"",""Sangmyeong?"",""Sangmyeong?"",""Sangmyeong?"",""Sangmyeong?"",""Sangmyeong?"",""Sangmyeong?"",""Sangmyeong?"",""Sangmyeong?"",""Sangmyeong?"",""Sangmyeong?"",""Sangmyeong?"",""Sangmyeong?"",""Sangmyeong?"",""Sangmyeong?"",""Sangmyeong?"",""Sangmyeong?"",""Sangmyeong?"",""Sangmyeong?"",""Sangmyeong?"",""Sangmyeong?"",""Sangmyeong?"",""Sangmyeong?"",""Sangmyeong?"",""Sangmyeong?"",""Sangmyeong?"",""Sangmyeong?"",""Sangmyeong?"",""Sangmyeong?"",""Sangmyeong?"",""Sangmyeong?"",""Sangmyeong?"",""Sangmyeong?"",""Sangmyeong?"",""Sangmyeong?"",""Sangmyeong?"",""Sangmyeong?"",""Sangmyeong?"",""Sangmyeong?"",""Sangmyeong?"",""Sangmyeong?"",""Sangmyeong?"",""Sangmyeong?"",""Sangmyeong?"",""Sangmyeong?"",""Sangmyeong?"",""Sangmyeong?"",""Sangmyeong?"",""Sangmyeong?"",""Sangmyeong?"",""Sangmyeong?"",""Sangmyeong?"",""Sangmyeong?"",""Sangmyeong?"",""Sangmyeong?"",""Sangmyeong?"",""Sangmyeong?"",""Sangmyeong?"",""Sangmyeong?"",""Sangmyeong?"",""Sangmyeong?"",""Sangmyeong?"",""Sangmyeong?"",""Sangmyeong?"",""Sangmyeong?"",""Sangmyeong?"",""Sangmyeong?"",""Sangmyeong?"",""Sangmyeong?"",""Sangmyeong?"",""Sangmyeong?"",""Sangmyeong?"",""Sangmyeong?"",""Sangmyeong?"",""Sangmyeong?"",""Sangmyeong?"",""Sangmyeong?"",""Sangmyeong?"",""Sangmyeong?"",""Sangmyeong?"",""Sangmyeong?"",""Sangmyeong?"",""Sangmyeong?"",""Sangmyeong?"",""Sangmyeong?"",""Sangmyeong?"",""Sangmyeong?"",""Sangmyeong?"",""Sangmyeong?"",""Sangmyeong?"",""Sangmyeong?"",""Sangmyeong?"",""Sangmyeong?"",""Sangmyeong?"",""Sangmyeong?"",""Sangmyeong?"",""Sangmyeong?"",""Sangmyeong?"",""Sangmyeong?"",""Sangmyeong?"",""Sangmyeong?"",""Sangmyeong?"",""Sangmyeong?"",""Sangmyeong?"",""Sangmyeong?"",""Sangmyeong?"",""Sangmyeong?"",""Sangmyeong?"",""Sangmyeong?"",""Sangmyeong?"",""Sangmyeong?"",""Sangmyeong?"",""Sangmyeong?"",""Sangmyeong?"",""Sangmyeong?"",""Sangmyeong?"",""Sangmyeong?"",""Sangmyeong?"",""Sangmyeong?"",""Sangmyeong?"",""Sangmyeong?"",""Sangmyeong?"",""Sangmyeong?"",""Sangmyeong?"",""Sangmyeong?"",""Sangmyeong?"",""Sangmyeong?"",""Sangmyeong?"",""Sangmyeong?"",""Sangmyeong?"",""Sangmyeong?"",""Sangmyeong?"",""Sangmyeong?"",""Sangmyeong?"",""Sangmyeong?"",""Sangmyeong?"",""Sangmye..."",""Sangmyeong?"",""Sangmyeong?"",""Sangmyeong?"",""Sangmyeong?"",""Sangmyeong?"",""Sangmyeong?"",""Sangmye..."",""Sangmyeong?"",""Sang..."",""Sang..."",""Sang..."",""Sang..."",""Sang..."",""Sang..."",""Sang..."",""Sang..."",""Sang..."",""Sang..."",""Sang..."",""S..."",""S..."",""S..."",""S..."",""S..."",""S..."",""S..."",""S..."",""S..."",""S..."",""S..."",""S..."",""S..."",""S..."",""S..."",""S..."",""S..."",""S..."",""S..."",""S..."",""S..."",""S..."",""S..."",""S..."",""S..."",""S..."",""S..."",""S..."",""S..."",""...""},""context_bridge"":""The video presents a chain of evidence: first, it shows specific marketing claims from beauty brands (Anua, Picam, etc.) that are alleged to be false or exaggerated; second, it cites personal consumer experiences and user comments that corroborate these claims; third, it highlights the lack of regulatory enforcement by bodies such as the Fair Trade Commission, the Ministry of Food and Drug Safety, and the Ministry of Health and Welfare; finally, it calls for public vigilance, support for investigative content, and demands stronger consumer protection laws.""}"
38GfndCQpwg,1658,timed out,"{""summary"":""The video claims that domestic collaborators supporting the political establishment must be punished for undermining democracy."",""emotional_tone"":9,""key_entities"":[""이재명"",""오세훈"",""윤석열"",""성동구"",""조선일보"",""KBS"",""새날"",""한두자니""],""context_bridge"":""The video frames domestic collaborators as a threat to democracy, citing specific politicians and media outlets, and calls for punitive action. It uses emotional rhetoric, rhetorical questions, and references to current political events to persuade viewers that punishment is necessary.""}"
MNg3zJRBvJo,1758,"Expecting ',' delimiter: line 1 column 965 (char 964)","{""summary"":""A video shows a black bear attacking a trainer at a Chinese zoo, resulting in a chaotic struggle that raises concerns about animal abuse and trainer safety."",""emotional_tone"":8,""key_entities"":[""중국 동물원"",""조련사"",""흑곰"",""연합뉴스""],""context_bridge"":""The clip depicts a bear physically confronting a trainer in a Chinese zoo, with the trainer being knocked down and a free‑for‑all fight ensuing. Commenters frame the incident as evidence of animal mistreatment, trainer negligence, or the bear’s frustration over lack of food or training. The narrative oscillates between portraying the bear as a victim of abuse and a dangerous animal, reflecting broader debates about animal entertainment, welfare, and the ethics of using animals for human spectacle. While explicit political parties are absent, references to international tensions (e.g., Russia vs China) and criticism of animal shows suggest a wider critique of exploitation and human‑animal power dynamics.""]}"
DVZjk4RNqhM,1811,timed out,"{""summary"":""The video claims that the Jo Jin‑woong scandal is being weaponized in politics, linking him to President Lee Jae‑myung and portraying opposition parties as actively attacking him."",""emotional_tone"":8,""key_entities"":[""Jo Jin‑woong"",""Lee Jae‑myung"",""Yoon Seok‑yeol"",""Kim Jong‑un"",""Jo Se‑ho"",""Park Na‑rae"",""Lee Seon‑kyun"",""Cho Kuk"",""Kang Seon‑woo"",""Son Bae‑gyu"",""Lee Ki‑in"",""Lee Jae‑young"",""Jo Doo‑soon"",""Korean conservatives"",""Opposition parties"",""Political arena"",""Entertainment industry""],""context_bridge"":""The video presents a narrative that the Jo Jin‑woong controversy has been co-opted by political actors, specifically linking the actor to President Lee Jae‑myung. It argues that opposition parties are exploiting the scandal to undermine the president’s image, framing the issue as a political weapon rather than a purely criminal matter. The logic hinges on associating the actor’s alleged crimes with political motives, suggesting that the scandal’s spread is intentional and politically driven.""}"
STq2i1SeD68,1823,timed out,"{""summary"":""The video claims that illegal sidewalk parking in a residential area vanished within a day, implying a swift resolution by local authorities."",""emotional_tone"":9,""key_entities"":[],""context_bridge"":""The video presents a rapid disappearance of illegal sidewalk parking, suggesting effective local enforcement. However, comments reveal that the issue stems from chronic parking shortages, inadequate municipal action, and public frustration with officials, highlighting a disconnect between the video's narrative and the broader systemic challenges.""}"
4ILqwopZ73c,1893,timed out,"{""summary"":""The video argues that if a minister resigns, then N. Kim (나경원) should also resign, accusing him of being an accomplice to the insurrection and demanding political accountability."",""emotional_tone"":9,""key_entities"":[""박은정"",""나경원"",""추경호"",""윤석열"",""국회"",""민주조국당"",""국힘"",""내란당"",""내란공범"",""진주""],""context_bridge"":""The video presents a chain of logic: it starts by asserting that a minister’s resignation signals a breach of duty, then extends that logic to N. Kim, labeling him an ‘insurrection accomplice’ and calling for his resignation. It frames the issue within the broader political conflict between the ruling party and opposition factions, citing specific incidents (e.g., 추경호’s actions during martial law) to support its claim. The comments reinforce this narrative by expressing strong support for 박은정, anger toward other politicians, and mocking language toward perceived opponents, reflecting a highly polarized and emotionally charged political discourse.""}"
FltopJ9t5uc,1900,"Expecting ',' delimiter: line 1 column 1020 (char 1019)","{""summary"":""The video claims that Kim Yong‑min’s criticism of judge Ji Gwi‑yeon exposes a corrupt judiciary that must be reformed, implying his actions will trigger a dramatic overhaul of the court system."",""emotional_tone"":9,""key_entities"":[""Ji Gwi‑yeon"",""Kim Yong‑min"",""Cheon Dae‑yeop"",""Jo Hee‑dae"",""Kim Hak‑woo"",""Kim Geon‑yi"",""No Sang‑won"",""Kim Hyun‑tae"",""Lee Jae‑myung"",""민주당""],""context_bridge"":""The video presents the judiciary as a corrupt institution, citing specific judges (Ji Gwi‑yeon, Cheon Dae‑yeop, Jo Hee‑dae) and controversial cases (e.g., Kim Hak‑woo’s innocence) to illustrate systemic malfeasance. It frames Kim Yong‑min’s outspoken criticism as the catalyst that will expose these injustices and precipitate a comprehensive judicial reform, including removal of complicit judges and restructuring of court administration. The comments reinforce this narrative by demanding judicial accountability, calling for the removal of implicated judges, and expressing strong support for Kim Yong‑min’s stance.""]}"
4FeRtvGt3nM,1925,timed out,"{""summary"":""영상은 여배우 박지원이 정치적 부패와 연관된 인물이며, 현재 정치 체제의 부정과 부패를 폭로하고 시청자에게 부정선거와 부정한 정치인들을 제거하라고 촉구한다."",""emotional_tone"":9,""key_entities"":[""박지원"",""성제준"",""이재명"",""윤석열"",""문재인"",""김대중"",""박근혜"",""김현지"",""정청래"",""서영교"",""장경태"",""조진웅"",""김부선""],""context_bridge"":""영상은 박지원이 부패의 상징으로 제시되며, 이를 근거로 현재 정치 체제는 부정선거와 부패로 가득 차 있다고 주장한다. 논리 구조는 ‘박지원이 부패의 상징’ → ‘정치 체제는 부정과 부패로 가득 차 있다’ → ‘시청자에게 부정한 정치인들을 제거하고 정당을 재구성하라’는 형태로 전개된다.""}"
lxAGp-vVZ14,1958,Expecting value: line 1 column 1 (char 0),"The assistant got stuck in a loop. We need to produce final JSON. Let's produce a concise answer.

We need to extract political context and emotional volatility. Provide summary, emotional_tone, key_entities, context_bridge.

Let's craft:

summary: ""정청래가 부패 혐의로 당에서 배제되었다는 주장을 담은 영상"".

emotional_tone: 9

key_entities: [""정청래"", ""이재명"", ""민주당"", ""국민의힘"", ""정창래"" maybe, ""정청래"" repeated but we list once, ""정청래"" is the main. Also ""정청래"" is a person. ""이재명"" is a person. ""민주당"" is a party. ""국민의힘"" is a party. ""정창래"" maybe a typo but we include.

context_bridge: ""영상은 정청래가 부패와 권력 남용 혐의로 당에서 배제된 사건을 다루며, 댓글에서는 정청래와 이재명에 대한 비난과 지지, 정치적 갈등이 격렬하게 표현된다. 논리 구조는 정청래의 부패 주장 → 당내 배제 → 정치적 반발과 지지 반응으로 이어진다.""

Let's produce JSON.{""summary"":""정청래가 부패와 권력 남용 혐의로 당에서 배제되었다는 주장을 담은 영상"",""emotional_tone"":9,""key_entities"":[""정청래"",""이재명"",""민주당"",""국민의힘"",""정창래""],""context_bridge"":""영상은 정청래가 부패와 권력 남용 혐의로 당에서 배제된 사건을 다루며, 댓글에서는 정청래와 이재명에 대한 비난과 지지, 정치적 갈등이 격렬하게 표현된다. 논리 구조는 정청래의 부패 주장 → 당내 배제 → 정치적 반발과 지지 반응으로 이어진다.""}"
82iElNY-irE,1962,timed out,"{""summary"":""The video highlights Judge Ji Gwi‑yeon’s remarks as a rallying point for judicial independence and justice, sparking widespread public support and political commentary."",""emotional_tone"":9,""key_entities"":[""Ji Gwi‑yeon"",""사법부"",""민주당"",""국힘"",""조희대"",""대통령"",""김용현 변호사"",""민앵커""],""context_bridge"":""The clip presents Ji Gwi‑yeon’s statements as a symbolic assertion of judicial autonomy amid perceived political pressure. Viewers interpret this as a defense of rule‑of‑law principles, prompting enthusiastic praise and calls for continued justice. The comments weave together personal admiration for the judge, broader concerns about political interference, and references to specific parties (민주당, 국힘) and political figures (대통령, 조희대), illustrating how a single judicial moment can become a focal point for national political discourse and emotional mobilization.""}"
iyBTlTMIy5A,1966,timed out,"{""summary"":""양평 공무원 사망 사건은 정치적 부패와 부정의 결과이며, 특검과 법적 조치를 통해 책임자를 처벌해야 한다."",""emotional_tone"":9,""key_entities"":[""이재명"",""민중기"",""노상원"",""국민의힘"",""검찰"",""특검"",""공수처"",""양평 공무원""],""context_bridge"":""댓글은 양평 공무원 사망을 정치적 부패와 부정의 결과로 해석하며, 이재명 등 고위 정치인과 검찰·공수처를 비난한다. 그들은 특검을 통해 사건을 철저히 수사하고, 관련자들을 체포·기소해 최고형을 선고받도록 요구한다. 동시에 정치적 재편과 정권 전복을 촉구하며, 국민의 단결과 정의 실현을 강조한다.""}"
YlONSkbi1oA,2012,timed out,"{""summary"":""The video portrays 장동혁 as a decisive leader who must ruthlessly eliminate all perceived traitors and left‑leaning elements within the party, claiming that this is a once‑in‑a‑lifetime opportunity to secure the party’s future."",""emotional_tone"":9,""key_entities"":[""장동혁"",""김소연 변호사"",""김소현 변호사"",""한동훈"",""조중동"",""조진웅"",""윤석열"",""국민힘(국민의힘)"",""민주당"",""공산주의"",""공산화"",""국회"",""공수처"",""비상계엄""],""context_bridge"":""The video’s argument follows a linear, conspiratorial logic: 1) 장동혁 is positioned as the rightful, heroic leader; 2) internal factions (notably those linked to 한동훈, 조중동, 조진웅) are labeled as traitors or left‑wing conspirators; 3) the political climate is portrayed as a crisis requiring swift, uncompromising action; 4) the speaker invokes legal and historical references (e.g., 비상계엄, 공수처) to legitimize a purge; 5) the audience is called to rally behind 장동혁, emphasizing that failure to act will result in irreversible loss of opportunity. This structure blends emotional appeals (anger, loyalty) with pseudo‑legal justification to mobilize supporters toward a hardline stance against perceived internal enemies. ""}"
jXFWdR5c4xw,2024,timed out,"{""summary"":""The video claims that Judge Ji Gwi‑yeon skillfully countered a politically driven special prosecutor’s aggressive questioning, exposing corruption within the Election Commission and arguing that the commission should be dissolved."",""emotional_tone"":9,""key_entities"":[""지귀연 판사"",""노상원"",""장재언 박사"",""박동건"",""특검"",""선관위"",""좌파"",""트럼프"",""베네수엘라""],""context_bridge"":""The clip presents the judge’s handling of the special prosecutor’s relentless questioning as evidence of the prosecutor’s political bias. It links the prosecutor’s actions to alleged corruption and mismanagement within the Election Commission, portraying the commission as a ‘family‑run’ entity that undermines fair elections. The narrative concludes that dissolving the commission is the only remedy to restore integrity, framing the judge’s conduct as a decisive counter‑measure against this systemic corruption.""}"
ds7GSh2wzug,2032,timed out,"{""summary"":""The video argues that martial law and civil war are distinct concepts, using systems‑engineering logic to clarify their definitions and justify the government’s actions."",""emotional_tone"":7,""key_entities"":[""지만원 박사님"",""이봉규TV"",""이재명"",""민주당"",""윤대통령"",""홍장원"",""박선원"",""국정원"",""A‑wab""],""context_bridge"":""The video presents a systems‑engineering framework that dissects the legal and functional differences between martial law (계엄) and civil war (내란). It defines martial law as a temporary, legally sanctioned measure to restore order, while civil war is portrayed as an internal armed conflict that undermines state sovereignty. By mapping these concepts onto a system model, the speaker demonstrates how the government’s declaration of martial law is a legitimate response to perceived threats, whereas accusations of civil war by opposition figures are framed as political rhetoric. The discussion also touches on contemporary controversies—such as alleged foreign election interference via A‑wab and accusations of corruption involving figures like Hong Jang‑won and Park Seon‑won—to contextualize the political stakes and reinforce the narrative that the government’s actions are necessary for national security and democratic integrity.""}"
CEhXuvTZYXo,2074,timed out,"{""summary"":""The video portrays Jeon Han‑gil and Kim Moon‑soo as charismatic conservative leaders spearheading a decisive political movement, urging national unity and victory."",""emotional_tone"":9,""key_entities"":[""전한길"",""김문수"",""보수당"",""보수""],""context_bridge"":""The video frames Jeon Han‑gil and Kim Moon‑soo as clear‑cut, patriotic figures whose messaging resonates with conservative voters. It emphasizes their leadership, national pride, and calls for collective support, while the comments echo strong endorsement, admiration for their clarity, and a rallying cry for continued backing.""}"
eU5nWKu4-js,2085,timed out,"{""summary"":""The video claims that the current administration is neglecting victims’ rights, over‑protecting criminals, and that police are incompetent, urging Kim Seong‑won to join the People Power Party and parliament to restore order."",""emotional_tone"":8,""key_entities"":[""김성원"",""그라운드씨"",""국민의힘"",""윤석열"",""문재인"",""경찰"",""민노총"",""김문수"",""김대중""],""context_bridge"":""The speaker argues that the Moon Jae‑in government is failing to protect victims and is granting excessive rights to criminals, while police are ineffective. He portrays Kim Seong‑won as a patriotic solution and calls for his election to the People Power Party’s parliamentary seat, using strong emotional rhetoric to rally support and criticize the left‑leaning establishment.""}"
